Scenario_ID,Split,File,Scenario_Seed,Anchor_Date,Anchor_Day_Type,Anchor_Season,Source_Dates,Source_Pool_Size,Sessions
train_day_0001,train,train/train_day_0001.csv,310001,2018-09-25,weekday,autumn,2018-09-25|2018-09-24|2018-09-27|2018-09-28|2018-09-21|2018-09-20|2018-09-19,117,344
train_day_0002,train,train/train_day_0002.csv,310002,2018-11-27,weekday,autumn,2018-11-27|2018-11-26|2018-11-28|2018-11-29|2018-11-30|2018-11-23|2018-11-22,140,344
train_day_0003,train,train/train_day_0003.csv,310003,2019-07-08,weekday,summer,2019-07-08|2019-07-10|2019-07-05|2019-07-11|2019-07-04|2019-07-03|2019-07-02,144,344
train_day_0004,train,train/train_day_0004.csv,310004,2018-12-13,weekday,winter,2018-12-13|2018-12-12|2018-12-14|2018-12-10|2018-12-18|2018-12-07|2018-12-19,148,344
train_day_0005,train,train/train_day_0005.csv,310005,2018-11-17,weekend,autumn,2018-11-17|2018-11-18|2018-11-11|2018-11-10|2018-11-24|2018-11-04|2018-10-28,141,344
train_day_0006,train,train/train_day_0006.csv,310006,2019-08-07,weekday,summer,2019-08-07|2019-08-06|2019-08-05|2019-08-09|2019-08-02|2019-08-12|2019-08-01,166,344
train_day_0007,train,train/train_day_0007.csv,310007,2018-11-15,weekday,autumn,2018-11-15|2018-11-14|2018-11-12|2018-11-19|2018-11-20|2018-11-22|2018-11-23,132,344
train_day_0008,train,train/train_day_0008.csv,310008,2019-06-07,weekday,summer,2019-06-07|2019-06-06|2019-06-05|2019-06-10|2019-06-03|2019-06-11|2019-06-12,138,344
train_day_0009,train,train/train_day_0009.csv,310009,2019-05-22,weekday,spring,2019-05-22|2019-05-21|2019-05-17|2019-05-27|2019-05-16|2019-05-28|2019-05-29,161,344
train_day_0010,train,train/train_day_0010.csv,310010,2018-10-03,weekday,autumn,2018-10-03|2018-10-02|2018-10-04|2018-10-01|2018-10-05|2018-09-28|2018-10-08,121,344
train_day_0011,train,train/train_day_0011.csv,310011,2019-04-25,weekday,spring,2019-04-25|2019-04-26|2019-04-23|2019-04-22|2019-04-29|2019-04-30|2019-04-19,141,344
train_day_0012,train,train/train_day_0012.csv,310012,2019-06-15,weekend,summer,2019-06-15|2019-06-09|2019-06-22|2019-06-02|2019-06-01|2019-06-29|2019-06-30,128,344
train_day_0013,train,train/train_day_0013.csv,310013,2019-08-13,weekday,summer,2019-08-13|2019-08-12|2019-08-14|2019-08-15|2019-08-16|2019-08-09|2019-08-07,144,344
train_day_0014,train,train/train_day_0014.csv,310014,2018-10-21,weekend,autumn,2018-10-21|2018-10-27|2018-10-28|2018-10-13|2018-10-07|2018-11-04|2018-10-06,111,344
train_day_0015,train,train/train_day_0015.csv,310015,2019-03-06,weekday,spring,2019-03-06|2019-03-05|2019-03-04|2019-03-08|2019-03-11|2019-03-12|2019-03-14,165,344
train_day_0016,train,train/train_day_0016.csv,310016,2019-03-03,weekend,spring,2019-03-03|2019-03-02|2019-03-09|2019-03-10|2019-03-17|2019-03-24|2019-03-31,120,344
train_day_0017,train,train/train_day_0017.csv,310017,2019-07-22,weekday,summer,2019-07-22|2019-07-19|2019-07-26|2019-07-17|2019-07-16|2019-07-15|2019-07-29,154,344
train_day_0018,train,train/train_day_0018.csv,310018,2019-06-05,weekday,summer,2019-06-05|2019-06-06|2019-06-03|2019-06-07|2019-06-10|2019-06-11|2019-06-12,138,344
train_day_0019,train,train/train_day_0019.csv,310019,2018-11-29,weekday,autumn,2018-11-29|2018-11-28|2018-11-30|2018-11-27|2018-11-26|2018-11-23|2018-11-22,140,344
train_day_0020,train,train/train_day_0020.csv,310020,2018-10-25,weekday,autumn,2018-10-25|2018-10-26|2018-10-23|2018-10-29|2018-10-30|2018-10-19|2018-10-17,148,344
train_day_0021,train,train/train_day_0021.csv,310021,2019-02-22,weekday,winter,2019-02-22|2019-02-21|2019-02-19|2019-02-25|2019-02-18|2019-02-26|2019-02-27,127,344
train_day_0022,train,train/train_day_0022.csv,310022,2018-11-12,weekday,autumn,2018-11-12|2018-11-14|2018-11-15|2018-11-06|2018-11-05|2018-11-19|2018-11-20,128,344
train_day_0023,train,train/train_day_0023.csv,310023,2019-01-29,weekday,winter,2019-01-29|2019-01-28|2019-01-25|2019-01-24|2019-02-04|2019-01-21|2019-02-06,158,344
train_day_0024,train,train/train_day_0024.csv,310024,2018-11-11,weekend,autumn,2018-11-11|2018-11-10|2018-11-17|2018-11-04|2018-11-18|2018-11-24|2018-10-28,141,344
train_day_0025,train,train/train_day_0025.csv,310025,2018-11-28,weekday,autumn,2018-11-28|2018-11-27|2018-11-29|2018-11-26|2018-11-30|2018-11-23|2018-11-22,140,344
train_day_0026,train,train/train_day_0026.csv,310026,2019-04-28,weekend,spring,2019-04-28|2019-04-27|2019-05-04|2019-04-21|2019-05-05|2019-04-20|2019-05-11,132,344
train_day_0027,train,train/train_day_0027.csv,310027,2018-12-21,weekday,winter,2018-12-21|2018-12-20|2018-12-19|2018-12-18|2018-12-24|2018-12-25|2018-12-14,119,344
train_day_0028,train,train/train_day_0028.csv,310028,2019-05-06,weekday,spring,2019-05-06|2019-05-07|2019-05-08|2019-05-03|2019-05-09|2019-05-01|2019-04-30,155,344
train_day_0029,train,train/train_day_0029.csv,310029,2019-03-20,weekday,spring,2019-03-20|2019-03-19|2019-03-18|2019-03-22|2019-03-15|2019-03-25|2019-03-14,150,344
train_day_0030,train,train/train_day_0030.csv,310030,2018-10-27,weekend,autumn,2018-10-27|2018-10-28|2018-10-21|2018-11-04|2018-10-13|2018-11-10|2018-11-11,131,344
train_day_0031,train,train/train_day_0031.csv,310031,2019-01-25,weekday,winter,2019-01-25|2019-01-24|2019-01-28|2019-01-21|2019-01-29|2019-01-17|2019-01-16,160,344
train_day_0032,train,train/train_day_0032.csv,310032,2019-08-17,weekend,summer,2019-08-17|2019-08-18|2019-08-24|2019-08-25|2019-08-03|2019-08-31|2019-07-28,178,344
train_day_0033,train,train/train_day_0033.csv,310033,2018-12-24,weekday,winter,2018-12-24|2018-12-25|2018-12-21|2018-12-20|2018-12-28|2018-12-19|2018-12-18,122,344
train_day_0034,train,train/train_day_0034.csv,310034,2019-02-04,weekday,winter,2019-02-04|2019-02-06|2019-02-07|2019-01-29|2019-01-28|2019-02-11|2019-02-12,142,344
train_day_0035,train,train/train_day_0035.csv,310035,2019-02-11,weekday,winter,2019-02-11|2019-02-12|2019-02-13|2019-02-07|2019-02-15|2019-02-06|2019-02-04,143,344
train_day_0036,train,train/train_day_0036.csv,310036,2019-01-14,weekday,winter,2019-01-14|2019-01-15|2019-01-16|2019-01-11|2019-01-17|2019-01-10|2019-01-08,144,344
train_day_0037,train,train/train_day_0037.csv,310037,2019-04-26,weekday,spring,2019-04-26|2019-04-25|2019-04-23|2019-04-29|2019-04-22|2019-04-30|2019-05-01,146,344
train_day_0038,train,train/train_day_0038.csv,310038,2019-07-10,weekday,summer,2019-07-10|2019-07-11|2019-07-08|2019-07-05|2019-07-15|2019-07-04|2019-07-16,148,344
train_day_0039,train,train/train_day_0039.csv,310039,2019-06-06,weekday,summer,2019-06-06|2019-06-05|2019-06-07|2019-06-03|2019-06-10|2019-06-11|2019-06-12,138,344
train_day_0040,train,train/train_day_0040.csv,310040,2019-08-14,weekday,summer,2019-08-14|2019-08-13|2019-08-15|2019-08-12|2019-08-16|2019-08-09|2019-08-20,143,344
train_day_0041,train,train/train_day_0041.csv,310041,2019-07-14,weekend,summer,2019-07-14|2019-07-20|2019-07-07|2019-07-21|2019-07-27|2019-06-30|2019-07-28,142,344
train_day_0042,train,train/train_day_0042.csv,310042,2019-05-11,weekend,spring,2019-05-11|2019-05-12|2019-05-05|2019-05-04|2019-05-19|2019-04-28|2019-04-27,131,344
train_day_0043,train,train/train_day_0043.csv,310043,2018-11-22,weekday,autumn,2018-11-22|2018-11-23|2018-11-20|2018-11-19|2018-11-26|2018-11-27|2018-11-28,140,344
train_day_0044,train,train/train_day_0044.csv,310044,2018-09-01,weekend,autumn,2018-09-01|2018-09-02|2018-09-09|2018-09-16|2018-09-22|2018-09-23|2018-09-29,106,344
train_day_0045,train,train/train_day_0045.csv,310045,2019-03-19,weekday,spring,2019-03-19|2019-03-18|2019-03-20|2019-03-22|2019-03-15|2019-03-14|2019-03-25,150,344
train_day_0046,train,train/train_day_0046.csv,310046,2019-08-09,weekday,summer,2019-08-09|2019-08-07|2019-08-06|2019-08-12|2019-08-05|2019-08-13|2019-08-14,144,344
train_day_0047,train,train/train_day_0047.csv,310047,2019-01-15,weekday,winter,2019-01-15|2019-01-14|2019-01-16|2019-01-17|2019-01-11|2019-01-10|2019-01-21,158,344
train_day_0048,train,train/train_day_0048.csv,310048,2019-08-25,weekend,summer,2019-08-25|2019-08-24|2019-08-31|2019-08-18|2019-08-17|2019-08-03|2019-07-28,178,344
train_day_0049,train,train/train_day_0049.csv,310049,2018-11-20,weekday,autumn,2018-11-20|2018-11-19|2018-11-22|2018-11-23|2018-11-15|2018-11-14|2018-11-26,137,344
train_day_0050,train,train/train_day_0050.csv,310050,2019-03-22,weekday,spring,2019-03-22|2019-03-20|2019-03-19|2019-03-25|2019-03-18|2019-03-27|2019-03-28,142,344
train_day_0051,train,train/train_day_0051.csv,310051,2019-04-01,weekday,spring,2019-04-01|2019-04-02|2019-04-04|2019-03-28|2019-04-05|2019-03-27|2019-03-25,127,344
train_day_0052,train,train/train_day_0052.csv,310052,2019-03-25,weekday,spring,2019-03-25|2019-03-27|2019-03-22|2019-03-28|2019-03-20|2019-03-19|2019-03-18,142,344
train_day_0053,train,train/train_day_0053.csv,310053,2019-06-01,weekend,summer,2019-06-01|2019-06-02|2019-06-09|2019-06-15|2019-06-22|2019-06-29|2019-06-30,128,344
train_day_0054,train,train/train_day_0054.csv,310054,2018-10-13,weekend,autumn,2018-10-13|2018-10-07|2018-10-06|2018-10-21|2018-09-29|2018-10-27|2018-10-28,104,344
train_day_0055,train,train/train_day_0055.csv,310055,2019-06-09,weekend,summer,2019-06-09|2019-06-15|2019-06-02|2019-06-01|2019-06-22|2019-06-29|2019-06-30,128,344
train_day_0056,train,train/train_day_0056.csv,310056,2019-06-20,weekday,summer,2019-06-20|2019-06-21|2019-06-24|2019-06-25|2019-06-13|2019-06-27|2019-06-12,164,344
train_day_0057,train,train/train_day_0057.csv,310057,2018-09-28,weekday,autumn,2018-09-28|2018-09-27|2018-09-25|2018-10-01|2018-09-24|2018-10-02|2018-10-03,125,344
train_day_0058,train,train/train_day_0058.csv,310058,2019-05-26,weekend,spring,2019-05-26|2019-05-19|2019-05-12|2019-05-11|2019-05-05|2019-05-04|2019-04-28,132,344
train_day_0059,train,train/train_day_0059.csv,310059,2018-11-04,weekend,autumn,2018-11-04|2018-11-10|2018-10-28|2018-11-11|2018-10-27|2018-11-17|2018-10-21,128,344
train_day_0060,train,train/train_day_0060.csv,310060,2018-12-30,weekend,winter,2018-12-30|2018-12-29|2019-01-05|2018-12-22|2019-01-12|2018-12-16|2019-01-13,115,344
train_day_0061,train,train/train_day_0061.csv,310061,2019-01-10,weekday,winter,2019-01-10|2019-01-11|2019-01-08|2019-01-07|2019-01-14|2019-01-15|2019-01-16,132,344
train_day_0062,train,train/train_day_0062.csv,310062,2018-09-29,weekend,autumn,2018-09-29|2018-09-23|2018-09-22|2018-10-06|2018-10-07|2018-09-16|2018-10-13,99,344
train_day_0063,train,train/train_day_0063.csv,310063,2019-07-11,weekday,summer,2019-07-11|2019-07-10|2019-07-08|2019-07-15|2019-07-16|2019-07-05|2019-07-17,149,344
train_day_0064,train,train/train_day_0064.csv,310064,2019-08-01,weekday,summer,2019-08-01|2019-07-31|2019-08-02|2019-07-30|2019-07-29|2019-08-05|2019-08-06,174,344
train_day_0065,train,train/train_day_0065.csv,310065,2019-04-18,weekday,spring,2019-04-18|2019-04-19|2019-04-15|2019-04-22|2019-04-23|2019-04-11|2019-04-25,141,344
train_day_0066,train,train/train_day_0066.csv,310066,2019-03-04,weekday,spring,2019-03-04|2019-03-05|2019-03-06|2019-03-08|2019-03-11|2019-03-12|2019-03-14,165,344
train_day_0067,train,train/train_day_0067.csv,310067,2019-04-08,weekday,spring,2019-04-08|2019-04-05|2019-04-11|2019-04-04|2019-04-02|2019-04-01|2019-04-15,128,344
train_day_0068,train,train/train_day_0068.csv,310068,2018-10-30,weekday,autumn,2018-10-30|2018-10-29|2018-11-02|2018-10-26|2018-10-25|2018-11-05|2018-10-23,143,344
train_day_0069,train,train/train_day_0069.csv,310069,2018-09-27,weekday,autumn,2018-09-27|2018-09-28|2018-09-25|2018-09-24|2018-10-01|2018-10-02|2018-09-21,118,344
train_day_0070,train,train/train_day_0070.csv,310070,2018-12-18,weekday,winter,2018-12-18|2018-12-19|2018-12-20|2018-12-21|2018-12-14|2018-12-13|2018-12-12,148,344
train_day_0071,train,train/train_day_0071.csv,310071,2018-11-24,weekend,autumn,2018-11-24|2018-11-18|2018-11-17|2018-11-11|2018-11-10|2018-11-04|2018-10-28,141,344
train_day_0072,train,train/train_day_0072.csv,310072,2019-05-29,weekday,spring,2019-05-29|2019-05-28|2019-05-30|2019-05-27|2019-05-31|2019-05-22|2019-05-21,148,344
train_day_0073,train,train/train_day_0073.csv,310073,2019-08-16,weekday,summer,2019-08-16|2019-08-15|2019-08-14|2019-08-13|2019-08-12|2019-08-20|2019-08-21,147,344
train_day_0074,train,train/train_day_0074.csv,310074,2019-06-02,weekend,summer,2019-06-02|2019-06-01|2019-06-09|2019-06-15|2019-06-22|2019-06-29|2019-06-30,128,344
train_day_0075,train,train/train_day_0075.csv,310075,2019-05-31,weekday,spring,2019-05-31|2019-05-30|2019-05-29|2019-05-28|2019-05-27|2019-05-22|2019-05-21,148,344
train_day_0076,train,train/train_day_0076.csv,310076,2018-11-06,weekday,autumn,2018-11-06|2018-11-05|2018-11-02|2018-11-12|2018-10-30|2018-10-29|2018-11-14,142,344
train_day_0077,train,train/train_day_0077.csv,310077,2018-10-07,weekend,autumn,2018-10-07|2018-10-06|2018-10-13|2018-09-29|2018-09-23|2018-10-21|2018-09-22,98,344
train_day_0078,train,train/train_day_0078.csv,310078,2019-08-26,weekday,summer,2019-08-26|2019-08-22|2019-08-21|2019-08-20|2019-08-16|2019-08-15|2019-08-14,153,344
train_day_0079,train,train/train_day_0079.csv,310079,2019-02-17,weekend,winter,2019-02-17|2019-02-23|2019-02-10|2019-02-24|2019-02-09|2019-02-02|2019-01-27,145,344
train_day_0080,train,train/train_day_0080.csv,310080,2018-09-12,weekday,autumn,2018-09-12|2018-09-11|2018-09-13|2018-09-10|2018-09-07|2018-09-18|2018-09-19,108,344
train_day_0081,train,train/train_day_0081.csv,310081,2018-09-24,weekday,autumn,2018-09-24|2018-09-25|2018-09-21|2018-09-27|2018-09-20|2018-09-28|2018-09-19,117,344
train_day_0082,train,train/train_day_0082.csv,310082,2019-01-08,weekday,winter,2019-01-08|2019-01-07|2019-01-10|2019-01-11|2019-01-03|2019-01-02|2019-01-14,127,344
train_day_0083,train,train/train_day_0083.csv,310083,2019-02-25,weekday,winter,2019-02-25|2019-02-26|2019-02-27|2019-02-22|2019-02-21|2019-02-19|2019-02-18,127,344
train_day_0084,train,train/train_day_0084.csv,310084,2019-06-28,weekday,summer,2019-06-28|2019-06-27|2019-06-25|2019-06-24|2019-07-02|2019-07-03|2019-07-04,154,344
train_day_0085,train,train/train_day_0085.csv,310085,2018-11-05,weekday,autumn,2018-11-05|2018-11-06|2018-11-02|2018-10-30|2018-10-29|2018-11-12|2018-11-14,142,344
train_day_0086,train,train/train_day_0086.csv,310086,2019-06-11,weekday,summer,2019-06-11|2019-06-10|2019-06-12|2019-06-13|2019-06-07|2019-06-06|2019-06-05,150,344
train_day_0087,train,train/train_day_0087.csv,310087,2018-11-14,weekday,autumn,2018-11-14|2018-11-15|2018-11-12|2018-11-19|2018-11-20|2018-11-06|2018-11-22,136,344
train_day_0088,train,train/train_day_0088.csv,310088,2018-09-11,weekday,autumn,2018-09-11|2018-09-10|2018-09-12|2018-09-13|2018-09-07|2018-09-18|2018-09-03,109,344
train_day_0089,train,train/train_day_0089.csv,310089,2019-05-03,weekday,spring,2019-05-03|2019-05-01|2019-04-30|2019-05-06|2019-04-29|2019-05-07|2019-05-08,155,344
train_day_0090,train,train/train_day_0090.csv,310090,2018-09-13,weekday,autumn,2018-09-13|2018-09-12|2018-09-11|2018-09-10|2018-09-18|2018-09-07|2018-09-19,108,344
train_day_0091,train,train/train_day_0091.csv,310091,2018-12-14,weekday,winter,2018-12-14|2018-12-13|2018-12-12|2018-12-10|2018-12-18|2018-12-19|2018-12-20,148,344
train_day_0092,train,train/train_day_0092.csv,310092,2018-09-07,weekday,autumn,2018-09-07|2018-09-10|2018-09-03|2018-09-11|2018-09-12|2018-09-13|2018-09-18,109,344
train_day_0093,train,train/train_day_0093.csv,310093,2019-07-30,weekday,summer,2019-07-30|2019-07-29|2019-07-31|2019-08-01|2019-08-02|2019-07-26|2019-08-05,173,344
train_day_0094,train,train/train_day_0094.csv,310094,2018-10-06,weekend,autumn,2018-10-06|2018-10-07|2018-09-29|2018-10-13|2018-09-23|2018-09-22|2018-10-21,98,344
train_day_0095,train,train/train_day_0095.csv,310095,2019-05-28,weekday,spring,2019-05-28|2019-05-27|2019-05-29|2019-05-30|2019-05-31|2019-05-22|2019-05-21,148,344
train_day_0096,train,train/train_day_0096.csv,310096,2019-02-27,weekday,winter,2019-02-27|2019-02-26|2019-02-25|2019-02-22|2019-02-21|2019-02-19|2019-02-18,127,344
train_day_0097,train,train/train_day_0097.csv,310097,2019-07-16,weekday,summer,2019-07-16|2019-07-15|2019-07-17|2019-07-19|2019-07-11|2019-07-10|2019-07-22,149,344
train_day_0098,train,train/train_day_0098.csv,310098,2019-06-25,weekday,summer,2019-06-25|2019-06-24|2019-06-27|2019-06-28|2019-06-21|2019-06-20|2019-07-02,160,344
train_day_0099,train,train/train_day_0099.csv,310099,2019-01-20,weekend,winter,2019-01-20|2019-01-26|2019-01-13|2019-01-27|2019-01-12|2019-02-02|2019-01-05,128,344
train_day_0100,train,train/train_day_0100.csv,310100,2019-08-05,weekday,summer,2019-08-05|2019-08-06|2019-08-07|2019-08-02|2019-08-01|2019-08-09|2019-07-31,170,344
train_day_0101,train,train/train_day_0101.csv,310101,2018-09-09,weekend,autumn,2018-09-09|2018-09-02|2018-09-16|2018-09-01|2018-09-22|2018-09-23|2018-09-29,106,344
train_day_0102,train,train/train_day_0102.csv,310102,2018-11-02,weekday,autumn,2018-11-02|2018-10-30|2018-11-05|2018-10-29|2018-11-06|2018-10-26|2018-10-25,148,344
train_day_0103,train,train/train_day_0103.csv,310103,2018-12-28,weekday,winter,2018-12-28|2018-12-25|2018-12-24|2019-01-01|2019-01-02|2019-01-03|2018-12-21,103,344
train_day_0104,train,train/train_day_0104.csv,310104,2019-01-05,weekend,winter,2019-01-05|2018-12-30|2018-12-29|2019-01-12|2019-01-13|2018-12-22|2019-01-20,114,344
train_day_0105,train,train/train_day_0105.csv,310105,2019-02-06,weekday,winter,2019-02-06|2019-02-07|2019-02-04|2019-02-11|2019-02-12|2019-02-13|2019-01-29,142,344
train_day_0106,train,train/train_day_0106.csv,310106,2019-08-02,weekday,summer,2019-08-02|2019-08-01|2019-07-31|2019-07-30|2019-08-05|2019-07-29|2019-08-06,174,344
train_day_0107,train,train/train_day_0107.csv,310107,2019-04-20,weekend,spring,2019-04-20|2019-04-21|2019-04-27|2019-04-28|2019-04-07|2019-04-06|2019-05-04,140,344
train_day_0108,train,train/train_day_0108.csv,310108,2018-10-12,weekday,autumn,2018-10-12|2018-10-10|2018-10-08|2018-10-16|2018-10-17|2018-10-05|2018-10-19,115,344
train_day_0109,train,train/train_day_0109.csv,310109,2019-05-08,weekday,spring,2019-05-08|2019-05-07|2019-05-09|2019-05-06|2019-05-03|2019-05-13|2019-05-01,159,344
train_day_0110,train,train/train_day_0110.csv,310110,2018-10-04,weekday,autumn,2018-10-04|2018-10-03|2018-10-05|2018-10-02|2018-10-01|2018-10-08|2018-09-28,121,344
train_day_0111,train,train/train_day_0111.csv,310111,2018-09-10,weekday,autumn,2018-09-10|2018-09-11|2018-09-12|2018-09-07|2018-09-13|2018-09-03|2018-09-18,109,344
train_day_0112,train,train/train_day_0112.csv,310112,2018-10-02,weekday,autumn,2018-10-02|2018-10-01|2018-10-03|2018-10-04|2018-10-05|2018-09-28|2018-09-27,130,344
train_day_0113,train,train/train_day_0113.csv,310113,2019-01-03,weekday,winter,2019-01-03|2019-01-02|2019-01-01|2019-01-07|2019-01-08|2018-12-28|2019-01-10,115,344
train_day_0114,train,train/train_day_0114.csv,310114,2019-06-29,weekend,summer,2019-06-29|2019-06-30|2019-06-22|2019-07-07|2019-06-15|2019-07-14|2019-06-09,139,344
train_day_0115,train,train/train_day_0115.csv,310115,2018-11-23,weekday,autumn,2018-11-23|2018-11-22|2018-11-20|2018-11-26|2018-11-19|2018-11-27|2018-11-28,140,344
train_day_0116,train,train/train_day_0116.csv,310116,2019-07-19,weekday,summer,2019-07-19|2019-07-17|2019-07-16|2019-07-22|2019-07-15|2019-07-26|2019-07-11,150,344
train_day_0117,train,train/train_day_0117.csv,310117,2019-06-10,weekday,summer,2019-06-10|2019-06-11|2019-06-12|2019-06-07|2019-06-13|2019-06-06|2019-06-05,150,344
train_day_0118,train,train/train_day_0118.csv,310118,2019-03-18,weekday,spring,2019-03-18|2019-03-19|2019-03-20|2019-03-15|2019-03-14|2019-03-22|2019-03-12,153,344
train_day_0119,train,train/train_day_0119.csv,310119,2019-03-27,weekday,spring,2019-03-27|2019-03-28|2019-03-25|2019-03-22|2019-04-01|2019-04-02|2019-03-20,137,344
train_day_0120,train,train/train_day_0120.csv,310120,2019-08-06,weekday,summer,2019-08-06|2019-08-05|2019-08-07|2019-08-09|2019-08-02|2019-08-01|2019-07-31,170,344
train_day_0121,train,train/train_day_0121.csv,310121,2019-04-02,weekday,spring,2019-04-02|2019-04-01|2019-04-04|2019-04-05|2019-03-28|2019-03-27|2019-04-08,126,344
train_day_0122,train,train/train_day_0122.csv,310122,2019-07-02,weekday,summer,2019-07-02|2019-07-03|2019-07-04|2019-07-05|2019-06-28|2019-06-27|2019-07-08,150,344
train_day_0123,train,train/train_day_0123.csv,310123,2019-03-15,weekday,spring,2019-03-15|2019-03-14|2019-03-12|2019-03-18|2019-03-11|2019-03-19|2019-03-20,151,344
train_day_0124,train,train/train_day_0124.csv,310124,2019-05-17,weekday,spring,2019-05-17|2019-05-16|2019-05-13|2019-05-21|2019-05-22|2019-05-09|2019-05-08,165,344
train_day_0125,train,train/train_day_0125.csv,310125,2019-01-01,weekday,winter,2019-01-01|2019-01-02|2019-01-03|2018-12-28|2019-01-07|2018-12-25|2019-01-08,98,344
train_day_0126,train,train/train_day_0126.csv,310126,2019-06-22,weekend,summer,2019-06-22|2019-06-15|2019-06-29|2019-06-30|2019-06-09|2019-07-07|2019-06-02,128,344
train_day_0127,train,train/train_day_0127.csv,310127,2019-06-30,weekend,summer,2019-06-30|2019-06-29|2019-07-07|2019-06-22|2019-07-14|2019-06-15|2019-07-20,136,344
train_day_0128,train,train/train_day_0128.csv,310128,2018-09-22,weekend,autumn,2018-09-22|2018-09-23|2018-09-16|2018-09-29|2018-09-09|2018-10-06|2018-10-07,90,344
train_day_0129,train,train/train_day_0129.csv,310129,2019-07-04,weekday,summer,2019-07-04|2019-07-03|2019-07-05|2019-07-02|2019-07-08|2019-06-28|2019-07-10,143,344
train_day_0130,train,train/train_day_0130.csv,310130,2019-03-10,weekend,spring,2019-03-10|2019-03-09|2019-03-03|2019-03-17|2019-03-02|2019-03-24|2019-03-31,120,344
train_day_0131,train,train/train_day_0131.csv,310131,2018-10-01,weekday,autumn,2018-10-01|2018-10-02|2018-10-03|2018-09-28|2018-10-04|2018-09-27|2018-10-05,130,344
train_day_0132,train,train/train_day_0132.csv,310132,2019-08-12,weekday,summer,2019-08-12|2019-08-13|2019-08-14|2019-08-09|2019-08-15|2019-08-16|2019-08-07,144,344
train_day_0133,train,train/train_day_0133.csv,310133,2019-02-13,weekday,winter,2019-02-13|2019-02-12|2019-02-11|2019-02-15|2019-02-18|2019-02-07|2019-02-19,138,344
train_day_0134,train,train/train_day_0134.csv,310134,2019-05-16,weekday,spring,2019-05-16|2019-05-17|2019-05-13|2019-05-21|2019-05-22|2019-05-09|2019-05-08,165,344
train_day_0135,train,train/train_day_0135.csv,310135,2019-06-12,weekday,summer,2019-06-12|2019-06-11|2019-06-13|2019-06-10|2019-06-07|2019-06-06|2019-06-05,150,344
train_day_0136,train,train/train_day_0136.csv,310136,2019-01-28,weekday,winter,2019-01-28|2019-01-29|2019-01-25|2019-01-24|2019-01-21|2019-02-04|2019-02-06,158,344
train_day_0137,train,train/train_day_0137.csv,310137,2018-10-05,weekday,autumn,2018-10-05|2018-10-04|2018-10-03|2018-10-02|2018-10-08|2018-10-01|2018-10-10,119,344
train_day_0138,train,train/train_day_0138.csv,310138,2018-09-02,weekend,autumn,2018-09-02|2018-09-01|2018-09-09|2018-09-16|2018-09-22|2018-09-23|2018-09-29,106,344
train_day_0139,train,train/train_day_0139.csv,310139,2019-02-18,weekday,winter,2019-02-18|2019-02-19|2019-02-15|2019-02-21|2019-02-22|2019-02-13|2019-02-12,133,344
train_day_0140,train,train/train_day_0140.csv,310140,2018-11-18,weekend,autumn,2018-11-18|2018-11-17|2018-11-24|2018-11-11|2018-11-10|2018-11-04|2018-10-28,141,344
train_day_0141,train,train/train_day_0141.csv,310141,2019-04-04,weekday,spring,2019-04-04|2019-04-05|2019-04-02|2019-04-01|2019-04-08|2019-03-28|2019-04-11,128,344
train_day_0142,train,train/train_day_0142.csv,310142,2019-01-02,weekday,winter,2019-01-02|2019-01-01|2019-01-03|2018-12-28|2019-01-07|2019-01-08|2018-12-25,98,344
train_day_0143,train,train/train_day_0143.csv,310143,2019-02-24,weekend,winter,2019-02-24|2019-02-23|2019-02-17|2019-02-10|2019-02-09|2019-02-02|2019-01-27,145,344
train_day_0144,train,train/train_day_0144.csv,310144,2018-12-04,weekday,winter,2018-12-04|2018-12-05|2018-12-06|2018-12-07|2018-12-10|2018-12-12|2018-12-13,160,344
train_day_0145,train,train/train_day_0145.csv,310145,2019-04-27,weekend,spring,2019-04-27|2019-04-28|2019-04-21|2019-04-20|2019-05-04|2019-05-05|2019-05-11,132,344
train_day_0146,train,train/train_day_0146.csv,310146,2019-01-12,weekend,winter,2019-01-12|2019-01-13|2019-01-05|2019-01-20|2018-12-30|2018-12-29|2019-01-26,112,344
train_day_0147,train,train/train_day_0147.csv,310147,2018-11-26,weekday,autumn,2018-11-26|2018-11-27|2018-11-28|2018-11-23|2018-11-29|2018-11-22|2018-11-30,140,344
train_day_0148,train,train/train_day_0148.csv,310148,2019-06-24,weekday,summer,2019-06-24|2019-06-25|2019-06-21|2019-06-27|2019-06-20|2019-06-28|2019-07-02,160,344
train_day_0149,train,train/train_day_0149.csv,310149,2019-08-24,weekend,summer,2019-08-24|2019-08-25|2019-08-18|2019-08-17|2019-08-31|2019-08-03|2019-07-28,178,344
train_day_0150,train,train/train_day_0150.csv,310150,2019-03-08,weekday,spring,2019-03-08|2019-03-06|2019-03-05|2019-03-11|2019-03-04|2019-03-12|2019-03-14,165,344
train_day_0151,train,train/train_day_0151.csv,310151,2019-05-05,weekend,spring,2019-05-05|2019-05-04|2019-05-11|2019-04-28|2019-05-12|2019-04-27|2019-04-21,129,344
train_day_0152,train,train/train_day_0152.csv,310152,2019-01-11,weekday,winter,2019-01-11|2019-01-10|2019-01-08|2019-01-14|2019-01-07|2019-01-15|2019-01-16,132,344
train_day_0153,train,train/train_day_0153.csv,310153,2019-06-21,weekday,summer,2019-06-21|2019-06-20|2019-06-24|2019-06-25|2019-06-27|2019-06-28|2019-06-13,164,344
train_day_0154,train,train/train_day_0154.csv,310154,2019-03-31,weekend,spring,2019-03-31|2019-04-06|2019-03-24|2019-04-07|2019-03-17|2019-04-20|2019-03-10,141,344
train_day_0155,train,train/train_day_0155.csv,310155,2019-03-14,weekday,spring,2019-03-14|2019-03-15|2019-03-12|2019-03-11|2019-03-18|2019-03-19|2019-03-08,163,344
train_day_0156,train,train/train_day_0156.csv,310156,2018-10-17,weekday,autumn,2018-10-17|2018-10-16|2018-10-19|2018-10-12|2018-10-23|2018-10-10|2018-10-25,119,344
train_day_0157,train,train/train_day_0157.csv,310157,2019-02-15,weekday,winter,2019-02-15|2019-02-13|2019-02-12|2019-02-18|2019-02-11|2019-02-19|2019-02-21,130,344
train_day_0158,train,train/train_day_0158.csv,310158,2019-05-30,weekday,spring,2019-05-30|2019-05-29|2019-05-31|2019-05-28|2019-05-27|2019-05-22|2019-05-21,148,344
train_day_0159,train,train/train_day_0159.csv,310159,2019-05-19,weekend,spring,2019-05-19|2019-05-12|2019-05-26|2019-05-11|2019-05-05|2019-05-04|2019-04-28,132,344
train_day_0160,train,train/train_day_0160.csv,310160,2018-12-10,weekday,winter,2018-12-10|2018-12-12|2018-12-07|2018-12-13|2018-12-06|2018-12-14|2018-12-05,157,344
train_day_0161,train,train/train_day_0161.csv,310161,2019-02-12,weekday,winter,2019-02-12|2019-02-11|2019-02-13|2019-02-15|2019-02-07|2019-02-06|2019-02-18,139,344
train_day_0162,train,train/train_day_0162.csv,310162,2019-05-13,weekday,spring,2019-05-13|2019-05-16|2019-05-09|2019-05-17|2019-05-08|2019-05-07|2019-05-06,167,344
train_day_0163,train,train/train_day_0163.csv,310163,2018-09-16,weekend,autumn,2018-09-16|2018-09-22|2018-09-09|2018-09-23|2018-09-29|2018-09-02|2018-09-01,106,344
train_day_0164,train,train/train_day_0164.csv,310164,2018-10-19,weekday,autumn,2018-10-19|2018-10-17|2018-10-16|2018-10-23|2018-10-25|2018-10-12|2018-10-26,129,344
train_day_0165,train,train/train_day_0165.csv,310165,2019-02-19,weekday,winter,2019-02-19|2019-02-18|2019-02-21|2019-02-22|2019-02-15|2019-02-13|2019-02-25,124,344
train_day_0166,train,train/train_day_0166.csv,310166,2019-04-06,weekend,spring,2019-04-06|2019-04-07|2019-03-31|2019-03-24|2019-04-20|2019-04-21|2019-03-17,141,344
train_day_0167,train,train/train_day_0167.csv,310167,2019-06-03,weekday,summer,2019-06-03|2019-06-05|2019-06-06|2019-06-07|2019-06-10|2019-06-11|2019-06-12,138,344
train_day_0168,train,train/train_day_0168.csv,310168,2019-07-27,weekend,summer,2019-07-27|2019-07-28|2019-07-21|2019-07-20|2019-08-03|2019-07-14|2019-07-07,154,344
train_day_0169,train,train/train_day_0169.csv,310169,2019-07-31,weekday,summer,2019-07-31|2019-07-30|2019-08-01|2019-07-29|2019-08-02|2019-07-26|2019-08-05,173,344
train_day_0170,train,train/train_day_0170.csv,310170,2019-07-03,weekday,summer,2019-07-03|2019-07-02|2019-07-04|2019-07-05|2019-06-28|2019-07-08|2019-06-27,150,344
train_day_0171,train,train/train_day_0171.csv,310171,2018-12-25,weekday,winter,2018-12-25|2018-12-24|2018-12-28|2018-12-21|2018-12-20|2018-12-19|2018-12-18,122,344
train_day_0172,train,train/train_day_0172.csv,310172,2019-04-05,weekday,spring,2019-04-05|2019-04-04|2019-04-02|2019-04-08|2019-04-01|2019-04-11|2019-03-28,128,344
train_day_0173,train,train/train_day_0173.csv,310173,2019-03-09,weekend,spring,2019-03-09|2019-03-10|2019-03-03|2019-03-02|2019-03-17|2019-03-24|2019-03-31,120,344
train_day_0174,train,train/train_day_0174.csv,310174,2018-12-15,weekend,winter,2018-12-15|2018-12-16|2018-12-09|2018-12-22|2018-12-01|2018-12-29|2018-12-30,110,344
train_day_0175,train,train/train_day_0175.csv,310175,2018-12-19,weekday,winter,2018-12-19|2018-12-18|2018-12-20|2018-12-21|2018-12-14|2018-12-24|2018-12-13,142,344
train_day_0176,train,train/train_day_0176.csv,310176,2019-07-15,weekday,summer,2019-07-15|2019-07-16|2019-07-17|2019-07-11|2019-07-19|2019-07-10|2019-07-08,145,344
train_day_0177,train,train/train_day_0177.csv,310177,2018-09-20,weekday,autumn,2018-09-20|2018-09-19|2018-09-21|2018-09-18|2018-09-24|2018-09-25|2018-09-13,120,344
train_day_0178,train,train/train_day_0178.csv,310178,2019-05-07,weekday,spring,2019-05-07|2019-05-06|2019-05-08|2019-05-09|2019-05-03|2019-05-01|2019-05-13,159,344
train_day_0179,train,train/train_day_0179.csv,310179,2018-12-07,weekday,winter,2018-12-07|2018-12-06|2018-12-05|2018-12-04|2018-12-10|2018-12-12|2018-12-13,160,344
train_day_0180,train,train/train_day_0180.csv,310180,2019-04-22,weekday,spring,2019-04-22|2019-04-23|2019-04-19|2019-04-25|2019-04-18|2019-04-26|2019-04-15,145,344
train_day_0181,train,train/train_day_0181.csv,310181,2019-08-21,weekday,summer,2019-08-21|2019-08-20|2019-08-22|2019-08-16|2019-08-26|2019-08-15|2019-08-14,153,344
train_day_0182,train,train/train_day_0182.csv,310182,2019-07-28,weekend,summer,2019-07-28|2019-07-27|2019-08-03|2019-07-21|2019-07-20|2019-07-14|2019-08-17,157,344
train_day_0183,train,train/train_day_0183.csv,310183,2019-01-21,weekday,winter,2019-01-21|2019-01-24|2019-01-17|2019-01-25|2019-01-16|2019-01-15|2019-01-14,165,344
train_day_0184,train,train/train_day_0184.csv,310184,2019-06-27,weekday,summer,2019-06-27|2019-06-28|2019-06-25|2019-06-24|2019-07-02|2019-06-21|2019-07-03,155,344
train_day_0185,train,train/train_day_0185.csv,310185,2019-07-20,weekend,summer,2019-07-20|2019-07-21|2019-07-14|2019-07-27|2019-07-28|2019-07-07|2019-08-03,154,344
train_day_0186,train,train/train_day_0186.csv,310186,2019-02-26,weekday,winter,2019-02-26|2019-02-25|2019-02-27|2019-02-22|2019-02-21|2019-02-19|2019-02-18,127,344
train_day_0187,train,train/train_day_0187.csv,310187,2019-01-26,weekend,winter,2019-01-26|2019-01-27|2019-01-20|2019-02-02|2019-01-13|2019-01-12|2019-02-09,128,344
train_day_0188,train,train/train_day_0188.csv,310188,2019-02-09,weekend,winter,2019-02-09|2019-02-10|2019-02-02|2019-02-17|2019-01-27|2019-01-26|2019-02-23,143,344
train_day_0189,train,train/train_day_0189.csv,310189,2018-12-22,weekend,winter,2018-12-22|2018-12-16|2018-12-15|2018-12-29|2018-12-30|2018-12-09|2019-01-05,115,344
train_day_0190,train,train/train_day_0190.csv,310190,2019-07-29,weekday,summer,2019-07-29|2019-07-30|2019-07-31|2019-07-26|2019-08-01|2019-08-02|2019-07-22,172,344
train_day_0191,train,train/train_day_0191.csv,310191,2018-12-05,weekday,winter,2018-12-05|2018-12-04|2018-12-06|2018-12-07|2018-12-10|2018-12-12|2018-12-13,160,344
train_day_0192,train,train/train_day_0192.csv,310192,2018-10-08,weekday,autumn,2018-10-08|2018-10-10|2018-10-05|2018-10-04|2018-10-12|2018-10-03|2018-10-02,115,344
train_day_0193,train,train/train_day_0193.csv,310193,2019-01-17,weekday,winter,2019-01-17|2019-01-16|2019-01-15|2019-01-14|2019-01-21|2019-01-11|2019-01-10,158,344
train_day_0194,train,train/train_day_0194.csv,310194,2019-01-07,weekday,winter,2019-01-07|2019-01-08|2019-01-10|2019-01-03|2019-01-11|2019-01-02|2019-01-01,115,344
train_day_0195,train,train/train_day_0195.csv,310195,2019-03-11,weekday,spring,2019-03-11|2019-03-12|2019-03-08|2019-03-14|2019-03-15|2019-03-06|2019-03-05,161,344
train_day_0196,train,train/train_day_0196.csv,310196,2019-05-21,weekday,spring,2019-05-21|2019-05-22|2019-05-17|2019-05-16|2019-05-27|2019-05-28|2019-05-13,153,344
train_day_0197,train,train/train_day_0197.csv,310197,2019-06-13,weekday,summer,2019-06-13|2019-06-12|2019-06-11|2019-06-10|2019-06-07|2019-06-06|2019-06-20,154,344
train_day_0198,train,train/train_day_0198.csv,310198,2019-07-21,weekend,summer,2019-07-21|2019-07-20|2019-07-27|2019-07-14|2019-07-28|2019-08-03|2019-07-07,154,344
train_day_0199,train,train/train_day_0199.csv,310199,2019-02-02,weekend,winter,2019-02-02|2019-01-27|2019-01-26|2019-02-09|2019-02-10|2019-01-20|2019-02-17,139,344
train_day_0200,train,train/train_day_0200.csv,310200,2018-12-29,weekend,winter,2018-12-29|2018-12-30|2018-12-22|2019-01-05|2018-12-16|2018-12-15|2019-01-12,119,344
train_day_0201,train,train/train_day_0201.csv,310201,2019-03-12,weekday,spring,2019-03-12|2019-03-11|2019-03-14|2019-03-15|2019-03-08|2019-03-06|2019-03-18,151,344
train_day_0202,train,train/train_day_0202.csv,310202,2019-02-23,weekend,winter,2019-02-23|2019-02-24|2019-02-17|2019-02-10|2019-02-09|2019-02-02|2019-01-27,145,344
train_day_0203,train,train/train_day_0203.csv,310203,2018-10-23,weekday,autumn,2018-10-23|2018-10-25|2018-10-26|2018-10-19|2018-10-17|2018-10-29|2018-10-16,138,344
train_day_0204,train,train/train_day_0204.csv,310204,2019-08-31,weekend,summer,2019-08-31|2019-08-25|2019-08-24|2019-08-18|2019-08-17|2019-08-03|2019-07-28,178,344
train_day_0205,train,train/train_day_0205.csv,310205,2019-07-05,weekday,summer,2019-07-05|2019-07-04|2019-07-03|2019-07-02|2019-07-08|2019-07-10|2019-07-11,144,344
train_day_0206,train,train/train_day_0206.csv,310206,2019-04-15,weekday,spring,2019-04-15|2019-04-18|2019-04-11|2019-04-19|2019-04-08|2019-04-22|2019-04-23,140,344
train_day_0207,train,train/train_day_0207.csv,310207,2018-12-01,weekend,winter,2018-12-01|2018-12-09|2018-12-15|2018-12-16|2018-12-22|2018-12-29|2018-12-30,110,344
train_day_0208,train,train/train_day_0208.csv,310208,2019-08-20,weekday,summer,2019-08-20|2019-08-21|2019-08-22|2019-08-16|2019-08-15|2019-08-14|2019-08-26,153,344
train_day_0209,train,train/train_day_0209.csv,310209,2019-01-27,weekend,winter,2019-01-27|2019-01-26|2019-02-02|2019-01-20|2019-02-09|2019-01-13|2019-02-10,136,344
train_day_0210,train,train/train_day_0210.csv,310210,2018-11-30,weekday,autumn,2018-11-30|2018-11-29|2018-11-28|2018-11-27|2018-11-26|2018-11-23|2018-11-22,140,344
train_day_0211,train,train/train_day_0211.csv,310211,2019-04-29,weekday,spring,2019-04-29|2019-04-30|2019-05-01|2019-04-26|2019-04-25|2019-05-03|2019-04-23,142,344
train_day_0212,train,train/train_day_0212.csv,310212,2018-09-18,weekday,autumn,2018-09-18|2018-09-19|2018-09-20|2018-09-21|2018-09-13|2018-09-12|2018-09-24,122,344
train_day_0213,train,train/train_day_0213.csv,310213,2019-04-11,weekday,spring,2019-04-11|2019-04-08|2019-04-15|2019-04-05|2019-04-04|2019-04-18|2019-04-19,131,344
train_day_0214,train,train/train_day_0214.csv,310214,2019-03-28,weekday,spring,2019-03-28|2019-03-27|2019-03-25|2019-04-01|2019-04-02|2019-03-22|2019-04-04,130,344
train_day_0215,train,train/train_day_0215.csv,310215,2019-01-24,weekday,winter,2019-01-24|2019-01-25|2019-01-21|2019-01-28|2019-01-29|2019-01-17|2019-01-16,160,344
train_day_0216,train,train/train_day_0216.csv,310216,2019-03-02,weekend,spring,2019-03-02|2019-03-03|2019-03-09|2019-03-10|2019-03-17|2019-03-24|2019-03-31,120,344
train_day_0217,train,train/train_day_0217.csv,310217,2019-03-05,weekday,spring,2019-03-05|2019-03-04|2019-03-06|2019-03-08|2019-03-11|2019-03-12|2019-03-14,165,344
train_day_0218,train,train/train_day_0218.csv,310218,2018-10-29,weekday,autumn,2018-10-29|2018-10-30|2018-10-26|2018-10-25|2018-11-02|2018-10-23|2018-11-05,143,344
train_day_0219,train,train/train_day_0219.csv,310219,2019-08-18,weekend,summer,2019-08-18|2019-08-17|2019-08-24|2019-08-25|2019-08-31|2019-08-03|2019-07-28,178,344
train_day_0220,train,train/train_day_0220.csv,310220,2019-02-21,weekday,winter,2019-02-21|2019-02-22|2019-02-19|2019-02-18|2019-02-25|2019-02-26|2019-02-15,122,344
train_day_0221,train,train/train_day_0221.csv,310221,2019-05-04,weekend,spring,2019-05-04|2019-05-05|2019-04-28|2019-04-27|2019-05-11|2019-05-12|2019-04-21,129,344
train_day_0222,train,train/train_day_0222.csv,310222,2018-10-16,weekday,autumn,2018-10-16|2018-10-17|2018-10-19|2018-10-12|2018-10-10|2018-10-23|2018-10-08,113,344
train_day_0223,train,train/train_day_0223.csv,310223,2019-07-17,weekday,summer,2019-07-17|2019-07-16|2019-07-15|2019-07-19|2019-07-22|2019-07-11|2019-07-10,149,344
train_day_0224,train,train/train_day_0224.csv,310224,2018-09-03,weekday,autumn,2018-09-03|2018-09-07|2018-09-10|2018-09-11|2018-09-12|2018-09-13|2018-09-18,109,344
train_day_0225,train,train/train_day_0225.csv,310225,2018-09-21,weekday,autumn,2018-09-21|2018-09-20|2018-09-19|2018-09-18|2018-09-24|2018-09-25|2018-09-27,121,344
train_day_0226,train,train/train_day_0226.csv,310226,2019-04-30,weekday,spring,2019-04-30|2019-04-29|2019-05-01|2019-05-03|2019-04-26|2019-04-25|2019-05-06,149,344
train_day_0227,train,train/train_day_0227.csv,310227,2018-09-19,weekday,autumn,2018-09-19|2018-09-18|2018-09-20|2018-09-21|2018-09-24|2018-09-13|2018-09-25,120,344
train_day_0228,train,train/train_day_0228.csv,310228,2019-08-03,weekend,summer,2019-08-03|2019-07-28|2019-07-27|2019-07-21|2019-07-20|2019-08-17|2019-08-18,160,344
train_day_0229,train,train/train_day_0229.csv,310229,2018-12-16,weekend,winter,2018-12-16|2018-12-15|2018-12-22|2018-12-09|2018-12-29|2018-12-30|2018-12-01,110,344
train_day_0230,train,train/train_day_0230.csv,310230,2019-05-01,weekday,spring,2019-05-01|2019-04-30|2019-04-29|2019-05-03|2019-04-26|2019-05-06|2019-04-25,149,344
train_day_0231,train,train/train_day_0231.csv,310231,2019-01-16,weekday,winter,2019-01-16|2019-01-15|2019-01-17|2019-01-14|2019-01-11|2019-01-21|2019-01-10,158,344
train_day_0232,train,train/train_day_0232.csv,310232,2019-05-09,weekday,spring,2019-05-09|2019-05-08|2019-05-07|2019-05-06|2019-05-13|2019-05-03|2019-05-16,155,344
train_day_0233,train,train/train_day_0233.csv,310233,2019-04-23,weekday,spring,2019-04-23|2019-04-22|2019-04-25|2019-04-26|2019-04-19|2019-04-18|2019-04-29,151,344
train_day_0234,train,train/train_day_0234.csv,310234,2019-02-07,weekday,winter,2019-02-07|2019-02-06|2019-02-04|2019-02-11|2019-02-12|2019-02-13|2019-02-15,143,344
train_day_0235,train,train/train_day_0235.csv,310235,2019-04-19,weekday,spring,2019-04-19|2019-04-18|2019-04-22|2019-04-15|2019-04-23|2019-04-25|2019-04-26,145,344
train_day_0236,train,train/train_day_0236.csv,310236,2019-08-22,weekday,summer,2019-08-22|2019-08-21|2019-08-20|2019-08-26|2019-08-16|2019-08-15|2019-08-14,153,344
train_day_0237,train,train/train_day_0237.csv,310237,2019-05-12,weekend,spring,2019-05-12|2019-05-11|2019-05-05|2019-05-19|2019-05-04|2019-04-28|2019-05-26,132,344
train_day_0238,train,train/train_day_0238.csv,310238,2019-02-10,weekend,winter,2019-02-10|2019-02-09|2019-02-17|2019-02-02|2019-02-23|2019-01-27|2019-02-24,145,344
train_day_0239,train,train/train_day_0239.csv,310239,2019-07-07,weekend,summer,2019-07-07|2019-06-30|2019-07-14|2019-06-29|2019-07-20|2019-07-21|2019-06-22,134,344
train_day_0240,train,train/train_day_0240.csv,310240,2019-04-07,weekend,spring,2019-04-07|2019-04-06|2019-03-31|2019-04-20|2019-03-24|2019-04-21|2019-04-27,134,344
train_day_0241,train,train/train_day_0241.csv,310241,2018-12-20,weekday,winter,2018-12-20|2018-12-19|2018-12-21|2018-12-18|2018-12-24|2018-12-25|2018-12-14,119,344
train_day_0242,train,train/train_day_0242.csv,310242,2018-10-28,weekend,autumn,2018-10-28|2018-10-27|2018-10-21|2018-11-04|2018-11-10|2018-11-11|2018-10-13,131,344
train_day_0243,train,train/train_day_0243.csv,310243,2018-10-26,weekday,autumn,2018-10-26|2018-10-25|2018-10-23|2018-10-29|2018-10-30|2018-10-19|2018-11-02,155,344
train_day_0244,train,train/train_day_0244.csv,310244,2018-12-09,weekend,winter,2018-12-09|2018-12-15|2018-12-16|2018-12-01|2018-12-22|2018-12-29|2018-12-30,110,344
train_day_0245,train,train/train_day_0245.csv,310245,2018-12-06,weekday,winter,2018-12-06|2018-12-05|2018-12-07|2018-12-04|2018-12-10|2018-12-12|2018-12-13,160,344
train_day_0246,train,train/train_day_0246.csv,310246,2018-11-10,weekend,autumn,2018-11-10|2018-11-11|2018-11-04|2018-11-17|2018-11-18|2018-10-28|2018-10-27,132,344
train_day_0247,train,train/train_day_0247.csv,310247,2019-01-13,weekend,winter,2019-01-13|2019-01-12|2019-01-20|2019-01-05|2019-01-26|2018-12-30|2019-01-27,117,344
train_day_0248,train,train/train_day_0248.csv,310248,2018-10-10,weekday,autumn,2018-10-10|2018-10-08|2018-10-12|2018-10-05|2018-10-04|2018-10-16|2018-10-03,112,344
train_day_0249,train,train/train_day_0249.csv,310249,2019-04-21,weekend,spring,2019-04-21|2019-04-20|2019-04-27|2019-04-28|2019-05-04|2019-04-07|2019-05-05,137,344
train_day_0250,train,train/train_day_0250.csv,310250,2019-03-17,weekend,spring,2019-03-17|2019-03-10|2019-03-24|2019-03-09|2019-03-03|2019-03-31|2019-03-02,120,344
train_day_0251,train,train/train_day_0251.csv,310251,2018-09-23,weekend,autumn,2018-09-23|2018-09-22|2018-09-29|2018-09-16|2018-10-06|2018-09-09|2018-10-07,90,344
train_day_0252,train,train/train_day_0252.csv,310252,2019-07-26,weekday,summer,2019-07-26|2019-07-29|2019-07-22|2019-07-30|2019-07-31|2019-08-01|2019-07-19,156,344
train_day_0253,train,train/train_day_0253.csv,310253,2019-08-15,weekday,summer,2019-08-15|2019-08-14|2019-08-16|2019-08-13|2019-08-12|2019-08-20|2019-08-09,143,344
train_day_0254,train,train/train_day_0254.csv,310254,2019-05-27,weekday,spring,2019-05-27|2019-05-28|2019-05-29|2019-05-30|2019-05-31|2019-05-22|2019-05-21,148,344
train_day_0255,train,train/train_day_0255.csv,310255,2018-12-12,weekday,winter,2018-12-12|2018-12-13|2018-12-10|2018-12-14|2018-12-07|2018-12-06|2018-12-18,158,344
train_day_0256,train,train/train_day_0256.csv,310256,2018-11-19,weekday,autumn,2018-11-19|2018-11-20|2018-11-22|2018-11-15|2018-11-23|2018-11-14|2018-11-12,132,344
train_day_0257,train,train/train_day_0257.csv,310257,2019-03-24,weekend,spring,2019-03-24|2019-03-17|2019-03-31|2019-04-06|2019-03-10|2019-04-07|2019-03-09,135,344
train_day_0258,train,train/train_day_0258.csv,310258,2019-07-10,weekday,summer,2019-07-10|2019-07-11|2019-07-08|2019-07-05|2019-07-15|2019-07-04|2019-07-16,148,344
train_day_0259,train,train/train_day_0259.csv,310259,2019-04-26,weekday,spring,2019-04-26|2019-04-25|2019-04-23|2019-04-29|2019-04-22|2019-04-30|2019-05-01,146,344
train_day_0260,train,train/train_day_0260.csv,310260,2018-12-09,weekend,winter,2018-12-09|2018-12-15|2018-12-16|2018-12-01|2018-12-22|2018-12-29|2018-12-30,110,344
train_day_0261,train,train/train_day_0261.csv,310261,2018-11-12,weekday,autumn,2018-11-12|2018-11-14|2018-11-15|2018-11-06|2018-11-05|2018-11-19|2018-11-20,128,344
train_day_0262,train,train/train_day_0262.csv,310262,2019-02-06,weekday,winter,2019-02-06|2019-02-07|2019-02-04|2019-02-11|2019-02-12|2019-02-13|2019-01-29,142,344
train_day_0263,train,train/train_day_0263.csv,310263,2019-04-08,weekday,spring,2019-04-08|2019-04-05|2019-04-11|2019-04-04|2019-04-02|2019-04-01|2019-04-15,128,344
train_day_0264,train,train/train_day_0264.csv,310264,2018-09-10,weekday,autumn,2018-09-10|2018-09-11|2018-09-12|2018-09-07|2018-09-13|2018-09-03|2018-09-18,109,344
train_day_0265,train,train/train_day_0265.csv,310265,2019-04-20,weekend,spring,2019-04-20|2019-04-21|2019-04-27|2019-04-28|2019-04-07|2019-04-06|2019-05-04,140,344
train_day_0266,train,train/train_day_0266.csv,310266,2019-05-28,weekday,spring,2019-05-28|2019-05-27|2019-05-29|2019-05-30|2019-05-31|2019-05-22|2019-05-21,148,344
train_day_0267,train,train/train_day_0267.csv,310267,2018-11-17,weekend,autumn,2018-11-17|2018-11-18|2018-11-11|2018-11-10|2018-11-24|2018-11-04|2018-10-28,141,344
train_day_0268,train,train/train_day_0268.csv,310268,2019-03-22,weekday,spring,2019-03-22|2019-03-20|2019-03-19|2019-03-25|2019-03-18|2019-03-27|2019-03-28,142,344
train_day_0269,train,train/train_day_0269.csv,310269,2019-08-26,weekday,summer,2019-08-26|2019-08-22|2019-08-21|2019-08-20|2019-08-16|2019-08-15|2019-08-14,153,344
train_day_0270,train,train/train_day_0270.csv,310270,2019-05-04,weekend,spring,2019-05-04|2019-05-05|2019-04-28|2019-04-27|2019-05-11|2019-05-12|2019-04-21,129,344
train_day_0271,train,train/train_day_0271.csv,310271,2018-09-29,weekend,autumn,2018-09-29|2018-09-23|2018-09-22|2018-10-06|2018-10-07|2018-09-16|2018-10-13,99,344
train_day_0272,train,train/train_day_0272.csv,310272,2019-05-22,weekday,spring,2019-05-22|2019-05-21|2019-05-17|2019-05-27|2019-05-16|2019-05-28|2019-05-29,161,344
train_day_0273,train,train/train_day_0273.csv,310273,2019-01-12,weekend,winter,2019-01-12|2019-01-13|2019-01-05|2019-01-20|2018-12-30|2018-12-29|2019-01-26,112,344
train_day_0274,train,train/train_day_0274.csv,310274,2018-12-18,weekday,winter,2018-12-18|2018-12-19|2018-12-20|2018-12-21|2018-12-14|2018-12-13|2018-12-12,148,344
train_day_0275,train,train/train_day_0275.csv,310275,2019-06-12,weekday,summer,2019-06-12|2019-06-11|2019-06-13|2019-06-10|2019-06-07|2019-06-06|2019-06-05,150,344
train_day_0276,train,train/train_day_0276.csv,310276,2019-08-02,weekday,summer,2019-08-02|2019-08-01|2019-07-31|2019-07-30|2019-08-05|2019-07-29|2019-08-06,174,344
train_day_0277,train,train/train_day_0277.csv,310277,2018-12-05,weekday,winter,2018-12-05|2018-12-04|2018-12-06|2018-12-07|2018-12-10|2018-12-12|2018-12-13,160,344
train_day_0278,train,train/train_day_0278.csv,310278,2019-08-14,weekday,summer,2019-08-14|2019-08-13|2019-08-15|2019-08-12|2019-08-16|2019-08-09|2019-08-20,143,344
train_day_0279,train,train/train_day_0279.csv,310279,2019-01-24,weekday,winter,2019-01-24|2019-01-25|2019-01-21|2019-01-28|2019-01-29|2019-01-17|2019-01-16,160,344
train_day_0280,train,train/train_day_0280.csv,310280,2018-12-24,weekday,winter,2018-12-24|2018-12-25|2018-12-21|2018-12-20|2018-12-28|2018-12-19|2018-12-18,122,344
train_day_0281,train,train/train_day_0281.csv,310281,2019-03-05,weekday,spring,2019-03-05|2019-03-04|2019-03-06|2019-03-08|2019-03-11|2019-03-12|2019-03-14,165,344
train_day_0282,train,train/train_day_0282.csv,310282,2019-02-07,weekday,winter,2019-02-07|2019-02-06|2019-02-04|2019-02-11|2019-02-12|2019-02-13|2019-02-15,143,344
train_day_0283,train,train/train_day_0283.csv,310283,2018-11-11,weekend,autumn,2018-11-11|2018-11-10|2018-11-17|2018-11-04|2018-11-18|2018-11-24|2018-10-28,141,344
train_day_0284,train,train/train_day_0284.csv,310284,2019-05-31,weekday,spring,2019-05-31|2019-05-30|2019-05-29|2019-05-28|2019-05-27|2019-05-22|2019-05-21,148,344
train_day_0285,train,train/train_day_0285.csv,310285,2018-12-20,weekday,winter,2018-12-20|2018-12-19|2018-12-21|2018-12-18|2018-12-24|2018-12-25|2018-12-14,119,344
train_day_0286,train,train/train_day_0286.csv,310286,2018-10-08,weekday,autumn,2018-10-08|2018-10-10|2018-10-05|2018-10-04|2018-10-12|2018-10-03|2018-10-02,115,344
train_day_0287,train,train/train_day_0287.csv,310287,2018-12-12,weekday,winter,2018-12-12|2018-12-13|2018-12-10|2018-12-14|2018-12-07|2018-12-06|2018-12-18,158,344
train_day_0288,train,train/train_day_0288.csv,310288,2018-11-28,weekday,autumn,2018-11-28|2018-11-27|2018-11-29|2018-11-26|2018-11-30|2018-11-23|2018-11-22,140,344
train_day_0289,train,train/train_day_0289.csv,310289,2019-04-19,weekday,spring,2019-04-19|2019-04-18|2019-04-22|2019-04-15|2019-04-23|2019-04-25|2019-04-26,145,344
train_day_0290,train,train/train_day_0290.csv,310290,2018-11-18,weekend,autumn,2018-11-18|2018-11-17|2018-11-24|2018-11-11|2018-11-10|2018-11-04|2018-10-28,141,344
train_day_0291,train,train/train_day_0291.csv,310291,2019-03-28,weekday,spring,2019-03-28|2019-03-27|2019-03-25|2019-04-01|2019-04-02|2019-03-22|2019-04-04,130,344
train_day_0292,train,train/train_day_0292.csv,310292,2019-02-04,weekday,winter,2019-02-04|2019-02-06|2019-02-07|2019-01-29|2019-01-28|2019-02-11|2019-02-12,142,344
train_day_0293,train,train/train_day_0293.csv,310293,2019-04-01,weekday,spring,2019-04-01|2019-04-02|2019-04-04|2019-03-28|2019-04-05|2019-03-27|2019-03-25,127,344
train_day_0294,train,train/train_day_0294.csv,310294,2018-10-10,weekday,autumn,2018-10-10|2018-10-08|2018-10-12|2018-10-05|2018-10-04|2018-10-16|2018-10-03,112,344
train_day_0295,train,train/train_day_0295.csv,310295,2018-09-25,weekday,autumn,2018-09-25|2018-09-24|2018-09-27|2018-09-28|2018-09-21|2018-09-20|2018-09-19,117,344
train_day_0296,train,train/train_day_0296.csv,310296,2019-01-13,weekend,winter,2019-01-13|2019-01-12|2019-01-20|2019-01-05|2019-01-26|2018-12-30|2019-01-27,117,344
train_day_0297,train,train/train_day_0297.csv,310297,2018-12-01,weekend,winter,2018-12-01|2018-12-09|2018-12-15|2018-12-16|2018-12-22|2018-12-29|2018-12-30,110,344
train_day_0298,train,train/train_day_0298.csv,310298,2019-07-07,weekend,summer,2019-07-07|2019-06-30|2019-07-14|2019-06-29|2019-07-20|2019-07-21|2019-06-22,134,344
train_day_0299,train,train/train_day_0299.csv,310299,2019-07-26,weekday,summer,2019-07-26|2019-07-29|2019-07-22|2019-07-30|2019-07-31|2019-08-01|2019-07-19,156,344
train_day_0300,train,train/train_day_0300.csv,310300,2019-05-01,weekday,spring,2019-05-01|2019-04-30|2019-04-29|2019-05-03|2019-04-26|2019-05-06|2019-04-25,149,344
train_day_0301,train,train/train_day_0301.csv,310301,2019-05-30,weekday,spring,2019-05-30|2019-05-29|2019-05-31|2019-05-28|2019-05-27|2019-05-22|2019-05-21,148,344
train_day_0302,train,train/train_day_0302.csv,310302,2019-05-16,weekday,spring,2019-05-16|2019-05-17|2019-05-13|2019-05-21|2019-05-22|2019-05-09|2019-05-08,165,344
train_day_0303,train,train/train_day_0303.csv,310303,2019-04-23,weekday,spring,2019-04-23|2019-04-22|2019-04-25|2019-04-26|2019-04-19|2019-04-18|2019-04-29,151,344
train_day_0304,train,train/train_day_0304.csv,310304,2019-08-05,weekday,summer,2019-08-05|2019-08-06|2019-08-07|2019-08-02|2019-08-01|2019-08-09|2019-07-31,170,344
train_day_0305,train,train/train_day_0305.csv,310305,2018-11-05,weekday,autumn,2018-11-05|2018-11-06|2018-11-02|2018-10-30|2018-10-29|2018-11-12|2018-11-14,142,344
train_day_0306,train,train/train_day_0306.csv,310306,2019-07-02,weekday,summer,2019-07-02|2019-07-03|2019-07-04|2019-07-05|2019-06-28|2019-06-27|2019-07-08,150,344
train_day_0307,train,train/train_day_0307.csv,310307,2018-11-30,weekday,autumn,2018-11-30|2018-11-29|2018-11-28|2018-11-27|2018-11-26|2018-11-23|2018-11-22,140,344
train_day_0308,train,train/train_day_0308.csv,310308,2019-01-26,weekend,winter,2019-01-26|2019-01-27|2019-01-20|2019-02-02|2019-01-13|2019-01-12|2019-02-09,128,344
train_day_0309,train,train/train_day_0309.csv,310309,2019-03-03,weekend,spring,2019-03-03|2019-03-02|2019-03-09|2019-03-10|2019-03-17|2019-03-24|2019-03-31,120,344
train_day_0310,train,train/train_day_0310.csv,310310,2018-12-06,weekday,winter,2018-12-06|2018-12-05|2018-12-07|2018-12-04|2018-12-10|2018-12-12|2018-12-13,160,344
train_day_0311,train,train/train_day_0311.csv,310311,2019-06-01,weekend,summer,2019-06-01|2019-06-02|2019-06-09|2019-06-15|2019-06-22|2019-06-29|2019-06-30,128,344
train_day_0312,train,train/train_day_0312.csv,310312,2019-03-04,weekday,spring,2019-03-04|2019-03-05|2019-03-06|2019-03-08|2019-03-11|2019-03-12|2019-03-14,165,344
train_day_0313,train,train/train_day_0313.csv,310313,2019-07-21,weekend,summer,2019-07-21|2019-07-20|2019-07-27|2019-07-14|2019-07-28|2019-08-03|2019-07-07,154,344
train_day_0314,train,train/train_day_0314.csv,310314,2018-12-14,weekday,winter,2018-12-14|2018-12-13|2018-12-12|2018-12-10|2018-12-18|2018-12-19|2018-12-20,148,344
train_day_0315,train,train/train_day_0315.csv,310315,2019-06-24,weekday,summer,2019-06-24|2019-06-25|2019-06-21|2019-06-27|2019-06-20|2019-06-28|2019-07-02,160,344
train_day_0316,train,train/train_day_0316.csv,310316,2019-03-31,weekend,spring,2019-03-31|2019-04-06|2019-03-24|2019-04-07|2019-03-17|2019-04-20|2019-03-10,141,344
train_day_0317,train,train/train_day_0317.csv,310317,2019-02-12,weekday,winter,2019-02-12|2019-02-11|2019-02-13|2019-02-15|2019-02-07|2019-02-06|2019-02-18,139,344
train_day_0318,train,train/train_day_0318.csv,310318,2019-07-27,weekend,summer,2019-07-27|2019-07-28|2019-07-21|2019-07-20|2019-08-03|2019-07-14|2019-07-07,154,344
train_day_0319,train,train/train_day_0319.csv,310319,2018-09-12,weekday,autumn,2018-09-12|2018-09-11|2018-09-13|2018-09-10|2018-09-07|2018-09-18|2018-09-19,108,344
train_day_0320,train,train/train_day_0320.csv,310320,2019-06-06,weekday,summer,2019-06-06|2019-06-05|2019-06-07|2019-06-03|2019-06-10|2019-06-11|2019-06-12,138,344
train_day_0321,train,train/train_day_0321.csv,310321,2018-09-11,weekday,autumn,2018-09-11|2018-09-10|2018-09-12|2018-09-13|2018-09-07|2018-09-18|2018-09-03,109,344
train_day_0322,train,train/train_day_0322.csv,310322,2018-09-18,weekday,autumn,2018-09-18|2018-09-19|2018-09-20|2018-09-21|2018-09-13|2018-09-12|2018-09-24,122,344
train_day_0323,train,train/train_day_0323.csv,310323,2019-05-09,weekday,spring,2019-05-09|2019-05-08|2019-05-07|2019-05-06|2019-05-13|2019-05-03|2019-05-16,155,344
train_day_0324,train,train/train_day_0324.csv,310324,2019-08-15,weekday,summer,2019-08-15|2019-08-14|2019-08-16|2019-08-13|2019-08-12|2019-08-20|2019-08-09,143,344
train_day_0325,train,train/train_day_0325.csv,310325,2019-04-15,weekday,spring,2019-04-15|2019-04-18|2019-04-11|2019-04-19|2019-04-08|2019-04-22|2019-04-23,140,344
train_day_0326,train,train/train_day_0326.csv,310326,2018-10-21,weekend,autumn,2018-10-21|2018-10-27|2018-10-28|2018-10-13|2018-10-07|2018-11-04|2018-10-06,111,344
train_day_0327,train,train/train_day_0327.csv,310327,2018-09-22,weekend,autumn,2018-09-22|2018-09-23|2018-09-16|2018-09-29|2018-09-09|2018-10-06|2018-10-07,90,344
train_day_0328,train,train/train_day_0328.csv,310328,2019-04-07,weekend,spring,2019-04-07|2019-04-06|2019-03-31|2019-04-20|2019-03-24|2019-04-21|2019-04-27,134,344
train_day_0329,train,train/train_day_0329.csv,310329,2019-07-19,weekday,summer,2019-07-19|2019-07-17|2019-07-16|2019-07-22|2019-07-15|2019-07-26|2019-07-11,150,344
train_day_0330,train,train/train_day_0330.csv,310330,2019-01-29,weekday,winter,2019-01-29|2019-01-28|2019-01-25|2019-01-24|2019-02-04|2019-01-21|2019-02-06,158,344
train_day_0331,train,train/train_day_0331.csv,310331,2018-11-26,weekday,autumn,2018-11-26|2018-11-27|2018-11-28|2018-11-23|2018-11-29|2018-11-22|2018-11-30,140,344
train_day_0332,train,train/train_day_0332.csv,310332,2019-02-23,weekend,winter,2019-02-23|2019-02-24|2019-02-17|2019-02-10|2019-02-09|2019-02-02|2019-01-27,145,344
train_day_0333,train,train/train_day_0333.csv,310333,2019-06-30,weekend,summer,2019-06-30|2019-06-29|2019-07-07|2019-06-22|2019-07-14|2019-06-15|2019-07-20,136,344
train_day_0334,train,train/train_day_0334.csv,310334,2019-04-29,weekday,spring,2019-04-29|2019-04-30|2019-05-01|2019-04-26|2019-04-25|2019-05-03|2019-04-23,142,344
train_day_0335,train,train/train_day_0335.csv,310335,2019-01-08,weekday,winter,2019-01-08|2019-01-07|2019-01-10|2019-01-11|2019-01-03|2019-01-02|2019-01-14,127,344
train_day_0336,train,train/train_day_0336.csv,310336,2019-07-17,weekday,summer,2019-07-17|2019-07-16|2019-07-15|2019-07-19|2019-07-22|2019-07-11|2019-07-10,149,344
train_day_0337,train,train/train_day_0337.csv,310337,2019-07-31,weekday,summer,2019-07-31|2019-07-30|2019-08-01|2019-07-29|2019-08-02|2019-07-26|2019-08-05,173,344
train_day_0338,train,train/train_day_0338.csv,310338,2018-09-16,weekend,autumn,2018-09-16|2018-09-22|2018-09-09|2018-09-23|2018-09-29|2018-09-02|2018-09-01,106,344
train_day_0339,train,train/train_day_0339.csv,310339,2019-07-14,weekend,summer,2019-07-14|2019-07-20|2019-07-07|2019-07-21|2019-07-27|2019-06-30|2019-07-28,142,344
train_day_0340,train,train/train_day_0340.csv,310340,2019-08-12,weekday,summer,2019-08-12|2019-08-13|2019-08-14|2019-08-09|2019-08-15|2019-08-16|2019-08-07,144,344
train_day_0341,train,train/train_day_0341.csv,310341,2019-05-29,weekday,spring,2019-05-29|2019-05-28|2019-05-30|2019-05-27|2019-05-31|2019-05-22|2019-05-21,148,344
train_day_0342,train,train/train_day_0342.csv,310342,2019-06-02,weekend,summer,2019-06-02|2019-06-01|2019-06-09|2019-06-15|2019-06-22|2019-06-29|2019-06-30,128,344
train_day_0343,train,train/train_day_0343.csv,310343,2019-03-17,weekend,spring,2019-03-17|2019-03-10|2019-03-24|2019-03-09|2019-03-03|2019-03-31|2019-03-02,120,344
train_day_0344,train,train/train_day_0344.csv,310344,2019-05-06,weekday,spring,2019-05-06|2019-05-07|2019-05-08|2019-05-03|2019-05-09|2019-05-01|2019-04-30,155,344
train_day_0345,train,train/train_day_0345.csv,310345,2019-01-11,weekday,winter,2019-01-11|2019-01-10|2019-01-08|2019-01-14|2019-01-07|2019-01-15|2019-01-16,132,344
train_day_0346,train,train/train_day_0346.csv,310346,2019-08-31,weekend,summer,2019-08-31|2019-08-25|2019-08-24|2019-08-18|2019-08-17|2019-08-03|2019-07-28,178,344
train_day_0347,train,train/train_day_0347.csv,310347,2019-03-14,weekday,spring,2019-03-14|2019-03-15|2019-03-12|2019-03-11|2019-03-18|2019-03-19|2019-03-08,163,344
train_day_0348,train,train/train_day_0348.csv,310348,2018-11-06,weekday,autumn,2018-11-06|2018-11-05|2018-11-02|2018-11-12|2018-10-30|2018-10-29|2018-11-14,142,344
train_day_0349,train,train/train_day_0349.csv,310349,2019-08-13,weekday,summer,2019-08-13|2019-08-12|2019-08-14|2019-08-15|2019-08-16|2019-08-09|2019-08-07,144,344
train_day_0350,train,train/train_day_0350.csv,310350,2019-05-26,weekend,spring,2019-05-26|2019-05-19|2019-05-12|2019-05-11|2019-05-05|2019-05-04|2019-04-28,132,344
train_day_0351,train,train/train_day_0351.csv,310351,2018-09-24,weekday,autumn,2018-09-24|2018-09-25|2018-09-21|2018-09-27|2018-09-20|2018-09-28|2018-09-19,117,344
train_day_0352,train,train/train_day_0352.csv,310352,2019-05-07,weekday,spring,2019-05-07|2019-05-06|2019-05-08|2019-05-09|2019-05-03|2019-05-01|2019-05-13,159,344
train_day_0353,train,train/train_day_0353.csv,310353,2019-08-17,weekend,summer,2019-08-17|2019-08-18|2019-08-24|2019-08-25|2019-08-03|2019-08-31|2019-07-28,178,344
train_day_0354,train,train/train_day_0354.csv,310354,2019-05-21,weekday,spring,2019-05-21|2019-05-22|2019-05-17|2019-05-16|2019-05-27|2019-05-28|2019-05-13,153,344
train_day_0355,train,train/train_day_0355.csv,310355,2019-08-20,weekday,summer,2019-08-20|2019-08-21|2019-08-22|2019-08-16|2019-08-15|2019-08-14|2019-08-26,153,344
train_day_0356,train,train/train_day_0356.csv,310356,2019-01-25,weekday,winter,2019-01-25|2019-01-24|2019-01-28|2019-01-21|2019-01-29|2019-01-17|2019-01-16,160,344
train_day_0357,train,train/train_day_0357.csv,310357,2018-11-19,weekday,autumn,2018-11-19|2018-11-20|2018-11-22|2018-11-15|2018-11-23|2018-11-14|2018-11-12,132,344
train_day_0358,train,train/train_day_0358.csv,310358,2019-08-01,weekday,summer,2019-08-01|2019-07-31|2019-08-02|2019-07-30|2019-07-29|2019-08-05|2019-08-06,174,344
train_day_0359,train,train/train_day_0359.csv,310359,2018-09-09,weekend,autumn,2018-09-09|2018-09-02|2018-09-16|2018-09-01|2018-09-22|2018-09-23|2018-09-29,106,344
train_day_0360,train,train/train_day_0360.csv,310360,2018-10-23,weekday,autumn,2018-10-23|2018-10-25|2018-10-26|2018-10-19|2018-10-17|2018-10-29|2018-10-16,138,344
train_day_0361,train,train/train_day_0361.csv,310361,2018-09-19,weekday,autumn,2018-09-19|2018-09-18|2018-09-20|2018-09-21|2018-09-24|2018-09-13|2018-09-25,120,344
train_day_0362,train,train/train_day_0362.csv,310362,2018-12-30,weekend,winter,2018-12-30|2018-12-29|2019-01-05|2018-12-22|2019-01-12|2018-12-16|2019-01-13,115,344
train_day_0363,train,train/train_day_0363.csv,310363,2019-01-20,weekend,winter,2019-01-20|2019-01-26|2019-01-13|2019-01-27|2019-01-12|2019-02-02|2019-01-05,128,344
train_day_0364,train,train/train_day_0364.csv,310364,2018-12-22,weekend,winter,2018-12-22|2018-12-16|2018-12-15|2018-12-29|2018-12-30|2018-12-09|2019-01-05,115,344
train_day_0365,train,train/train_day_0365.csv,310365,2018-11-22,weekday,autumn,2018-11-22|2018-11-23|2018-11-20|2018-11-19|2018-11-26|2018-11-27|2018-11-28,140,344
train_day_0366,train,train/train_day_0366.csv,310366,2019-03-02,weekend,spring,2019-03-02|2019-03-03|2019-03-09|2019-03-10|2019-03-17|2019-03-24|2019-03-31,120,344
train_day_0367,train,train/train_day_0367.csv,310367,2019-07-05,weekday,summer,2019-07-05|2019-07-04|2019-07-03|2019-07-02|2019-07-08|2019-07-10|2019-07-11,144,344
train_day_0368,train,train/train_day_0368.csv,310368,2019-01-21,weekday,winter,2019-01-21|2019-01-24|2019-01-17|2019-01-25|2019-01-16|2019-01-15|2019-01-14,165,344
train_day_0369,train,train/train_day_0369.csv,310369,2018-09-07,weekday,autumn,2018-09-07|2018-09-10|2018-09-03|2018-09-11|2018-09-12|2018-09-13|2018-09-18,109,344
train_day_0370,train,train/train_day_0370.csv,310370,2019-01-02,weekday,winter,2019-01-02|2019-01-01|2019-01-03|2018-12-28|2019-01-07|2019-01-08|2018-12-25,98,344
train_day_0371,train,train/train_day_0371.csv,310371,2018-10-05,weekday,autumn,2018-10-05|2018-10-04|2018-10-03|2018-10-02|2018-10-08|2018-10-01|2018-10-10,119,344
train_day_0372,train,train/train_day_0372.csv,310372,2018-09-23,weekend,autumn,2018-09-23|2018-09-22|2018-09-29|2018-09-16|2018-10-06|2018-09-09|2018-10-07,90,344
train_day_0373,train,train/train_day_0373.csv,310373,2018-10-17,weekday,autumn,2018-10-17|2018-10-16|2018-10-19|2018-10-12|2018-10-23|2018-10-10|2018-10-25,119,344
train_day_0374,train,train/train_day_0374.csv,310374,2019-08-25,weekend,summer,2019-08-25|2019-08-24|2019-08-31|2019-08-18|2019-08-17|2019-08-03|2019-07-28,178,344
train_day_0375,train,train/train_day_0375.csv,310375,2018-12-07,weekday,winter,2018-12-07|2018-12-06|2018-12-05|2018-12-04|2018-12-10|2018-12-12|2018-12-13,160,344
train_day_0376,train,train/train_day_0376.csv,310376,2018-11-27,weekday,autumn,2018-11-27|2018-11-26|2018-11-28|2018-11-29|2018-11-30|2018-11-23|2018-11-22,140,344
train_day_0377,train,train/train_day_0377.csv,310377,2019-05-19,weekend,spring,2019-05-19|2019-05-12|2019-05-26|2019-05-11|2019-05-05|2019-05-04|2019-04-28,132,344
train_day_0378,train,train/train_day_0378.csv,310378,2019-03-08,weekday,spring,2019-03-08|2019-03-06|2019-03-05|2019-03-11|2019-03-04|2019-03-12|2019-03-14,165,344
train_day_0379,train,train/train_day_0379.csv,310379,2019-02-22,weekday,winter,2019-02-22|2019-02-21|2019-02-19|2019-02-25|2019-02-18|2019-02-26|2019-02-27,127,344
train_day_0380,train,train/train_day_0380.csv,310380,2019-05-11,weekend,spring,2019-05-11|2019-05-12|2019-05-05|2019-05-04|2019-05-19|2019-04-28|2019-04-27,131,344
train_day_0381,train,train/train_day_0381.csv,310381,2018-11-14,weekday,autumn,2018-11-14|2018-11-15|2018-11-12|2018-11-19|2018-11-20|2018-11-06|2018-11-22,136,344
train_day_0382,train,train/train_day_0382.csv,310382,2019-02-02,weekend,winter,2019-02-02|2019-01-27|2019-01-26|2019-02-09|2019-02-10|2019-01-20|2019-02-17,139,344
train_day_0383,train,train/train_day_0383.csv,310383,2019-02-10,weekend,winter,2019-02-10|2019-02-09|2019-02-17|2019-02-02|2019-02-23|2019-01-27|2019-02-24,145,344
train_day_0384,train,train/train_day_0384.csv,310384,2019-02-13,weekday,winter,2019-02-13|2019-02-12|2019-02-11|2019-02-15|2019-02-18|2019-02-07|2019-02-19,138,344
train_day_0385,train,train/train_day_0385.csv,310385,2018-12-04,weekday,winter,2018-12-04|2018-12-05|2018-12-06|2018-12-07|2018-12-10|2018-12-12|2018-12-13,160,344
train_day_0386,train,train/train_day_0386.csv,310386,2019-07-20,weekend,summer,2019-07-20|2019-07-21|2019-07-14|2019-07-27|2019-07-28|2019-07-07|2019-08-03,154,344
train_day_0387,train,train/train_day_0387.csv,310387,2018-10-19,weekday,autumn,2018-10-19|2018-10-17|2018-10-16|2018-10-23|2018-10-25|2018-10-12|2018-10-26,129,344
train_day_0388,train,train/train_day_0388.csv,310388,2018-12-15,weekend,winter,2018-12-15|2018-12-16|2018-12-09|2018-12-22|2018-12-01|2018-12-29|2018-12-30,110,344
train_day_0389,train,train/train_day_0389.csv,310389,2019-06-07,weekday,summer,2019-06-07|2019-06-06|2019-06-05|2019-06-10|2019-06-03|2019-06-11|2019-06-12,138,344
train_day_0390,train,train/train_day_0390.csv,310390,2019-03-20,weekday,spring,2019-03-20|2019-03-19|2019-03-18|2019-03-22|2019-03-15|2019-03-25|2019-03-14,150,344
train_day_0391,train,train/train_day_0391.csv,310391,2019-06-27,weekday,summer,2019-06-27|2019-06-28|2019-06-25|2019-06-24|2019-07-02|2019-06-21|2019-07-03,155,344
train_day_0392,train,train/train_day_0392.csv,310392,2019-06-11,weekday,summer,2019-06-11|2019-06-10|2019-06-12|2019-06-13|2019-06-07|2019-06-06|2019-06-05,150,344
train_day_0393,train,train/train_day_0393.csv,310393,2018-10-30,weekday,autumn,2018-10-30|2018-10-29|2018-11-02|2018-10-26|2018-10-25|2018-11-05|2018-10-23,143,344
train_day_0394,train,train/train_day_0394.csv,310394,2018-09-03,weekday,autumn,2018-09-03|2018-09-07|2018-09-10|2018-09-11|2018-09-12|2018-09-13|2018-09-18,109,344
train_day_0395,train,train/train_day_0395.csv,310395,2018-10-27,weekend,autumn,2018-10-27|2018-10-28|2018-10-21|2018-11-04|2018-10-13|2018-11-10|2018-11-11,131,344
train_day_0396,train,train/train_day_0396.csv,310396,2019-08-03,weekend,summer,2019-08-03|2019-07-28|2019-07-27|2019-07-21|2019-07-20|2019-08-17|2019-08-18,160,344
train_day_0397,train,train/train_day_0397.csv,310397,2019-03-12,weekday,spring,2019-03-12|2019-03-11|2019-03-14|2019-03-15|2019-03-08|2019-03-06|2019-03-18,151,344
train_day_0398,train,train/train_day_0398.csv,310398,2019-08-21,weekday,summer,2019-08-21|2019-08-20|2019-08-22|2019-08-16|2019-08-26|2019-08-15|2019-08-14,153,344
train_day_0399,train,train/train_day_0399.csv,310399,2018-12-25,weekday,winter,2018-12-25|2018-12-24|2018-12-28|2018-12-21|2018-12-20|2018-12-19|2018-12-18,122,344
train_day_0400,train,train/train_day_0400.csv,310400,2019-04-22,weekday,spring,2019-04-22|2019-04-23|2019-04-19|2019-04-25|2019-04-18|2019-04-26|2019-04-15,145,344
train_day_0401,train,train/train_day_0401.csv,310401,2019-01-17,weekday,winter,2019-01-17|2019-01-16|2019-01-15|2019-01-14|2019-01-21|2019-01-11|2019-01-10,158,344
train_day_0402,train,train/train_day_0402.csv,310402,2019-07-15,weekday,summer,2019-07-15|2019-07-16|2019-07-17|2019-07-11|2019-07-19|2019-07-10|2019-07-08,145,344
train_day_0403,train,train/train_day_0403.csv,310403,2019-06-09,weekend,summer,2019-06-09|2019-06-15|2019-06-02|2019-06-01|2019-06-22|2019-06-29|2019-06-30,128,344
train_day_0404,train,train/train_day_0404.csv,310404,2019-02-09,weekend,winter,2019-02-09|2019-02-10|2019-02-02|2019-02-17|2019-01-27|2019-01-26|2019-02-23,143,344
train_day_0405,train,train/train_day_0405.csv,310405,2019-06-29,weekend,summer,2019-06-29|2019-06-30|2019-06-22|2019-07-07|2019-06-15|2019-07-14|2019-06-09,139,344
train_day_0406,train,train/train_day_0406.csv,310406,2019-07-03,weekday,summer,2019-07-03|2019-07-02|2019-07-04|2019-07-05|2019-06-28|2019-07-08|2019-06-27,150,344
train_day_0407,train,train/train_day_0407.csv,310407,2019-03-19,weekday,spring,2019-03-19|2019-03-18|2019-03-20|2019-03-22|2019-03-15|2019-03-14|2019-03-25,150,344
train_day_0408,train,train/train_day_0408.csv,310408,2019-05-05,weekend,spring,2019-05-05|2019-05-04|2019-05-11|2019-04-28|2019-05-12|2019-04-27|2019-04-21,129,344
train_day_0409,train,train/train_day_0409.csv,310409,2018-10-13,weekend,autumn,2018-10-13|2018-10-07|2018-10-06|2018-10-21|2018-09-29|2018-10-27|2018-10-28,104,344
train_day_0410,train,train/train_day_0410.csv,310410,2019-01-07,weekday,winter,2019-01-07|2019-01-08|2019-01-10|2019-01-03|2019-01-11|2019-01-02|2019-01-01,115,344
train_day_0411,train,train/train_day_0411.csv,310411,2019-05-13,weekday,spring,2019-05-13|2019-05-16|2019-05-09|2019-05-17|2019-05-08|2019-05-07|2019-05-06,167,344
train_day_0412,train,train/train_day_0412.csv,310412,2018-11-20,weekday,autumn,2018-11-20|2018-11-19|2018-11-22|2018-11-23|2018-11-15|2018-11-14|2018-11-26,137,344
train_day_0413,train,train/train_day_0413.csv,310413,2019-07-16,weekday,summer,2019-07-16|2019-07-15|2019-07-17|2019-07-19|2019-07-11|2019-07-10|2019-07-22,149,344
train_day_0414,train,train/train_day_0414.csv,310414,2019-02-18,weekday,winter,2019-02-18|2019-02-19|2019-02-15|2019-02-21|2019-02-22|2019-02-13|2019-02-12,133,344
train_day_0415,train,train/train_day_0415.csv,310415,2019-06-13,weekday,summer,2019-06-13|2019-06-12|2019-06-11|2019-06-10|2019-06-07|2019-06-06|2019-06-20,154,344
train_day_0416,train,train/train_day_0416.csv,310416,2018-12-21,weekday,winter,2018-12-21|2018-12-20|2018-12-19|2018-12-18|2018-12-24|2018-12-25|2018-12-14,119,344
train_day_0417,train,train/train_day_0417.csv,310417,2018-10-06,weekend,autumn,2018-10-06|2018-10-07|2018-09-29|2018-10-13|2018-09-23|2018-09-22|2018-10-21,98,344
train_day_0418,train,train/train_day_0418.csv,310418,2019-05-12,weekend,spring,2019-05-12|2019-05-11|2019-05-05|2019-05-19|2019-05-04|2019-04-28|2019-05-26,132,344
train_day_0419,train,train/train_day_0419.csv,310419,2019-04-28,weekend,spring,2019-04-28|2019-04-27|2019-05-04|2019-04-21|2019-05-05|2019-04-20|2019-05-11,132,344
train_day_0420,train,train/train_day_0420.csv,310420,2019-06-22,weekend,summer,2019-06-22|2019-06-15|2019-06-29|2019-06-30|2019-06-09|2019-07-07|2019-06-02,128,344
train_day_0421,train,train/train_day_0421.csv,310421,2019-08-24,weekend,summer,2019-08-24|2019-08-25|2019-08-18|2019-08-17|2019-08-31|2019-08-03|2019-07-28,178,344
train_day_0422,train,train/train_day_0422.csv,310422,2018-11-29,weekday,autumn,2018-11-29|2018-11-28|2018-11-30|2018-11-27|2018-11-26|2018-11-23|2018-11-22,140,344
train_day_0423,train,train/train_day_0423.csv,310423,2019-02-25,weekday,winter,2019-02-25|2019-02-26|2019-02-27|2019-02-22|2019-02-21|2019-02-19|2019-02-18,127,344
train_day_0424,train,train/train_day_0424.csv,310424,2019-06-20,weekday,summer,2019-06-20|2019-06-21|2019-06-24|2019-06-25|2019-06-13|2019-06-27|2019-06-12,164,344
train_day_0425,train,train/train_day_0425.csv,310425,2019-06-03,weekday,summer,2019-06-03|2019-06-05|2019-06-06|2019-06-07|2019-06-10|2019-06-11|2019-06-12,138,344
train_day_0426,train,train/train_day_0426.csv,310426,2018-09-01,weekend,autumn,2018-09-01|2018-09-02|2018-09-09|2018-09-16|2018-09-22|2018-09-23|2018-09-29,106,344
train_day_0427,train,train/train_day_0427.csv,310427,2018-10-12,weekday,autumn,2018-10-12|2018-10-10|2018-10-08|2018-10-16|2018-10-17|2018-10-05|2018-10-19,115,344
train_day_0428,train,train/train_day_0428.csv,310428,2019-06-15,weekend,summer,2019-06-15|2019-06-09|2019-06-22|2019-06-02|2019-06-01|2019-06-29|2019-06-30,128,344
train_day_0429,train,train/train_day_0429.csv,310429,2018-09-21,weekday,autumn,2018-09-21|2018-09-20|2018-09-19|2018-09-18|2018-09-24|2018-09-25|2018-09-27,121,344
train_day_0430,train,train/train_day_0430.csv,310430,2019-03-10,weekend,spring,2019-03-10|2019-03-09|2019-03-03|2019-03-17|2019-03-02|2019-03-24|2019-03-31,120,344
train_day_0431,train,train/train_day_0431.csv,310431,2019-01-16,weekday,winter,2019-01-16|2019-01-15|2019-01-17|2019-01-14|2019-01-11|2019-01-21|2019-01-10,158,344
train_day_0432,train,train/train_day_0432.csv,310432,2019-02-11,weekday,winter,2019-02-11|2019-02-12|2019-02-13|2019-02-07|2019-02-15|2019-02-06|2019-02-04,143,344
train_day_0433,train,train/train_day_0433.csv,310433,2019-01-01,weekday,winter,2019-01-01|2019-01-02|2019-01-03|2018-12-28|2019-01-07|2018-12-25|2019-01-08,98,344
train_day_0434,train,train/train_day_0434.csv,310434,2018-12-16,weekend,winter,2018-12-16|2018-12-15|2018-12-22|2018-12-09|2018-12-29|2018-12-30|2018-12-01,110,344
train_day_0435,train,train/train_day_0435.csv,310435,2019-01-28,weekday,winter,2019-01-28|2019-01-29|2019-01-25|2019-01-24|2019-01-21|2019-02-04|2019-02-06,158,344
train_day_0436,train,train/train_day_0436.csv,310436,2019-02-15,weekday,winter,2019-02-15|2019-02-13|2019-02-12|2019-02-18|2019-02-11|2019-02-19|2019-02-21,130,344
train_day_0437,train,train/train_day_0437.csv,310437,2019-06-10,weekday,summer,2019-06-10|2019-06-11|2019-06-12|2019-06-07|2019-06-13|2019-06-06|2019-06-05,150,344
train_day_0438,train,train/train_day_0438.csv,310438,2019-05-27,weekday,spring,2019-05-27|2019-05-28|2019-05-29|2019-05-30|2019-05-31|2019-05-22|2019-05-21,148,344
train_day_0439,train,train/train_day_0439.csv,310439,2019-05-17,weekday,spring,2019-05-17|2019-05-16|2019-05-13|2019-05-21|2019-05-22|2019-05-09|2019-05-08,165,344
train_day_0440,train,train/train_day_0440.csv,310440,2019-04-02,weekday,spring,2019-04-02|2019-04-01|2019-04-04|2019-04-05|2019-03-28|2019-03-27|2019-04-08,126,344
train_day_0441,train,train/train_day_0441.csv,310441,2019-02-19,weekday,winter,2019-02-19|2019-02-18|2019-02-21|2019-02-22|2019-02-15|2019-02-13|2019-02-25,124,344
train_day_0442,train,train/train_day_0442.csv,310442,2019-07-11,weekday,summer,2019-07-11|2019-07-10|2019-07-08|2019-07-15|2019-07-16|2019-07-05|2019-07-17,149,344
train_day_0443,train,train/train_day_0443.csv,310443,2019-04-18,weekday,spring,2019-04-18|2019-04-19|2019-04-15|2019-04-22|2019-04-23|2019-04-11|2019-04-25,141,344
train_day_0444,train,train/train_day_0444.csv,310444,2019-06-05,weekday,summer,2019-06-05|2019-06-06|2019-06-03|2019-06-07|2019-06-10|2019-06-11|2019-06-12,138,344
train_day_0445,train,train/train_day_0445.csv,310445,2018-10-03,weekday,autumn,2018-10-03|2018-10-02|2018-10-04|2018-10-01|2018-10-05|2018-09-28|2018-10-08,121,344
train_day_0446,train,train/train_day_0446.csv,310446,2019-04-06,weekend,spring,2019-04-06|2019-04-07|2019-03-31|2019-03-24|2019-04-20|2019-04-21|2019-03-17,141,344
train_day_0447,train,train/train_day_0447.csv,310447,2018-10-01,weekday,autumn,2018-10-01|2018-10-02|2018-10-03|2018-09-28|2018-10-04|2018-09-27|2018-10-05,130,344
train_day_0448,train,train/train_day_0448.csv,310448,2019-08-09,weekday,summer,2019-08-09|2019-08-07|2019-08-06|2019-08-12|2019-08-05|2019-08-13|2019-08-14,144,344
train_day_0449,train,train/train_day_0449.csv,310449,2019-08-06,weekday,summer,2019-08-06|2019-08-05|2019-08-07|2019-08-09|2019-08-02|2019-08-01|2019-07-31,170,344
train_day_0450,train,train/train_day_0450.csv,310450,2019-07-04,weekday,summer,2019-07-04|2019-07-03|2019-07-05|2019-07-02|2019-07-08|2019-06-28|2019-07-10,143,344
train_day_0451,train,train/train_day_0451.csv,310451,2018-11-02,weekday,autumn,2018-11-02|2018-10-30|2018-11-05|2018-10-29|2018-11-06|2018-10-26|2018-10-25,148,344
train_day_0452,train,train/train_day_0452.csv,310452,2019-03-25,weekday,spring,2019-03-25|2019-03-27|2019-03-22|2019-03-28|2019-03-20|2019-03-19|2019-03-18,142,344
train_day_0453,train,train/train_day_0453.csv,310453,2019-03-15,weekday,spring,2019-03-15|2019-03-14|2019-03-12|2019-03-18|2019-03-11|2019-03-19|2019-03-20,151,344
train_day_0454,train,train/train_day_0454.csv,310454,2019-08-16,weekday,summer,2019-08-16|2019-08-15|2019-08-14|2019-08-13|2019-08-12|2019-08-20|2019-08-21,147,344
train_day_0455,train,train/train_day_0455.csv,310455,2018-12-29,weekend,winter,2018-12-29|2018-12-30|2018-12-22|2019-01-05|2018-12-16|2018-12-15|2019-01-12,119,344
train_day_0456,train,train/train_day_0456.csv,310456,2019-05-03,weekday,spring,2019-05-03|2019-05-01|2019-04-30|2019-05-06|2019-04-29|2019-05-07|2019-05-08,155,344
train_day_0457,train,train/train_day_0457.csv,310457,2019-08-07,weekday,summer,2019-08-07|2019-08-06|2019-08-05|2019-08-09|2019-08-02|2019-08-12|2019-08-01,166,344
train_day_0458,train,train/train_day_0458.csv,310458,2019-02-17,weekend,winter,2019-02-17|2019-02-23|2019-02-10|2019-02-24|2019-02-09|2019-02-02|2019-01-27,145,344
train_day_0459,train,train/train_day_0459.csv,310459,2019-02-27,weekday,winter,2019-02-27|2019-02-26|2019-02-25|2019-02-22|2019-02-21|2019-02-19|2019-02-18,127,344
train_day_0460,train,train/train_day_0460.csv,310460,2018-12-19,weekday,winter,2018-12-19|2018-12-18|2018-12-20|2018-12-21|2018-12-14|2018-12-24|2018-12-13,142,344
train_day_0461,train,train/train_day_0461.csv,310461,2019-01-05,weekend,winter,2019-01-05|2018-12-30|2018-12-29|2019-01-12|2019-01-13|2018-12-22|2019-01-20,114,344
train_day_0462,train,train/train_day_0462.csv,310462,2018-09-02,weekend,autumn,2018-09-02|2018-09-01|2018-09-09|2018-09-16|2018-09-22|2018-09-23|2018-09-29,106,344
train_day_0463,train,train/train_day_0463.csv,310463,2018-10-29,weekday,autumn,2018-10-29|2018-10-30|2018-10-26|2018-10-25|2018-11-02|2018-10-23|2018-11-05,143,344
train_day_0464,train,train/train_day_0464.csv,310464,2019-03-27,weekday,spring,2019-03-27|2019-03-28|2019-03-25|2019-03-22|2019-04-01|2019-04-02|2019-03-20,137,344
train_day_0465,train,train/train_day_0465.csv,310465,2019-01-27,weekend,winter,2019-01-27|2019-01-26|2019-02-02|2019-01-20|2019-02-09|2019-01-13|2019-02-10,136,344
train_day_0466,train,train/train_day_0466.csv,310466,2018-09-20,weekday,autumn,2018-09-20|2018-09-19|2018-09-21|2018-09-18|2018-09-24|2018-09-25|2018-09-13,120,344
train_day_0467,train,train/train_day_0467.csv,310467,2019-04-04,weekday,spring,2019-04-04|2019-04-05|2019-04-02|2019-04-01|2019-04-08|2019-03-28|2019-04-11,128,344
train_day_0468,train,train/train_day_0468.csv,310468,2018-10-07,weekend,autumn,2018-10-07|2018-10-06|2018-10-13|2018-09-29|2018-09-23|2018-10-21|2018-09-22,98,344
train_day_0469,train,train/train_day_0469.csv,310469,2019-04-21,weekend,spring,2019-04-21|2019-04-20|2019-04-27|2019-04-28|2019-05-04|2019-04-07|2019-05-05,137,344
train_day_0470,train,train/train_day_0470.csv,310470,2019-02-26,weekday,winter,2019-02-26|2019-02-25|2019-02-27|2019-02-22|2019-02-21|2019-02-19|2019-02-18,127,344
train_day_0471,train,train/train_day_0471.csv,310471,2018-12-28,weekday,winter,2018-12-28|2018-12-25|2018-12-24|2019-01-01|2019-01-02|2019-01-03|2018-12-21,103,344
train_day_0472,train,train/train_day_0472.csv,310472,2019-07-28,weekend,summer,2019-07-28|2019-07-27|2019-08-03|2019-07-21|2019-07-20|2019-07-14|2019-08-17,157,344
train_day_0473,train,train/train_day_0473.csv,310473,2019-07-22,weekday,summer,2019-07-22|2019-07-19|2019-07-26|2019-07-17|2019-07-16|2019-07-15|2019-07-29,154,344
train_day_0474,train,train/train_day_0474.csv,310474,2019-06-21,weekday,summer,2019-06-21|2019-06-20|2019-06-24|2019-06-25|2019-06-27|2019-06-28|2019-06-13,164,344
train_day_0475,train,train/train_day_0475.csv,310475,2019-03-18,weekday,spring,2019-03-18|2019-03-19|2019-03-20|2019-03-15|2019-03-14|2019-03-22|2019-03-12,153,344
train_day_0476,train,train/train_day_0476.csv,310476,2019-04-30,weekday,spring,2019-04-30|2019-04-29|2019-05-01|2019-05-03|2019-04-26|2019-04-25|2019-05-06,149,344
train_day_0477,train,train/train_day_0477.csv,310477,2019-04-25,weekday,spring,2019-04-25|2019-04-26|2019-04-23|2019-04-22|2019-04-29|2019-04-30|2019-04-19,141,344
train_day_0478,train,train/train_day_0478.csv,310478,2019-01-15,weekday,winter,2019-01-15|2019-01-14|2019-01-16|2019-01-17|2019-01-11|2019-01-10|2019-01-21,158,344
train_day_0479,train,train/train_day_0479.csv,310479,2019-01-10,weekday,winter,2019-01-10|2019-01-11|2019-01-08|2019-01-07|2019-01-14|2019-01-15|2019-01-16,132,344
train_day_0480,train,train/train_day_0480.csv,310480,2019-03-09,weekend,spring,2019-03-09|2019-03-10|2019-03-03|2019-03-02|2019-03-17|2019-03-24|2019-03-31,120,344
train_day_0481,train,train/train_day_0481.csv,310481,2018-10-26,weekday,autumn,2018-10-26|2018-10-25|2018-10-23|2018-10-29|2018-10-30|2018-10-19|2018-11-02,155,344
train_day_0482,train,train/train_day_0482.csv,310482,2019-03-11,weekday,spring,2019-03-11|2019-03-12|2019-03-08|2019-03-14|2019-03-15|2019-03-06|2019-03-05,161,344
train_day_0483,train,train/train_day_0483.csv,310483,2019-04-27,weekend,spring,2019-04-27|2019-04-28|2019-04-21|2019-04-20|2019-05-04|2019-05-05|2019-05-11,132,344
train_day_0484,train,train/train_day_0484.csv,310484,2019-07-29,weekday,summer,2019-07-29|2019-07-30|2019-07-31|2019-07-26|2019-08-01|2019-08-02|2019-07-22,172,344
train_day_0485,train,train/train_day_0485.csv,310485,2019-06-28,weekday,summer,2019-06-28|2019-06-27|2019-06-25|2019-06-24|2019-07-02|2019-07-03|2019-07-04,154,344
train_day_0486,train,train/train_day_0486.csv,310486,2019-02-21,weekday,winter,2019-02-21|2019-02-22|2019-02-19|2019-02-18|2019-02-25|2019-02-26|2019-02-15,122,344
train_day_0487,train,train/train_day_0487.csv,310487,2019-06-25,weekday,summer,2019-06-25|2019-06-24|2019-06-27|2019-06-28|2019-06-21|2019-06-20|2019-07-02,160,344
train_day_0488,train,train/train_day_0488.csv,310488,2019-08-22,weekday,summer,2019-08-22|2019-08-21|2019-08-20|2019-08-26|2019-08-16|2019-08-15|2019-08-14,153,344
train_day_0489,train,train/train_day_0489.csv,310489,2018-11-10,weekend,autumn,2018-11-10|2018-11-11|2018-11-04|2018-11-17|2018-11-18|2018-10-28|2018-10-27,132,344
train_day_0490,train,train/train_day_0490.csv,310490,2019-04-11,weekday,spring,2019-04-11|2019-04-08|2019-04-15|2019-04-05|2019-04-04|2019-04-18|2019-04-19,131,344
train_day_0491,train,train/train_day_0491.csv,310491,2018-12-10,weekday,winter,2018-12-10|2018-12-12|2018-12-07|2018-12-13|2018-12-06|2018-12-14|2018-12-05,157,344
train_day_0492,train,train/train_day_0492.csv,310492,2018-09-13,weekday,autumn,2018-09-13|2018-09-12|2018-09-11|2018-09-10|2018-09-18|2018-09-07|2018-09-19,108,344
train_day_0493,train,train/train_day_0493.csv,310493,2019-02-24,weekend,winter,2019-02-24|2019-02-23|2019-02-17|2019-02-10|2019-02-09|2019-02-02|2019-01-27,145,344
train_day_0494,train,train/train_day_0494.csv,310494,2018-09-27,weekday,autumn,2018-09-27|2018-09-28|2018-09-25|2018-09-24|2018-10-01|2018-10-02|2018-09-21,118,344
train_day_0495,train,train/train_day_0495.csv,310495,2018-11-24,weekend,autumn,2018-11-24|2018-11-18|2018-11-17|2018-11-11|2018-11-10|2018-11-04|2018-10-28,141,344
train_day_0496,train,train/train_day_0496.csv,310496,2018-10-02,weekday,autumn,2018-10-02|2018-10-01|2018-10-03|2018-10-04|2018-10-05|2018-09-28|2018-09-27,130,344
train_day_0497,train,train/train_day_0497.csv,310497,2019-01-14,weekday,winter,2019-01-14|2019-01-15|2019-01-16|2019-01-11|2019-01-17|2019-01-10|2019-01-08,144,344
train_day_0498,train,train/train_day_0498.csv,310498,2018-10-25,weekday,autumn,2018-10-25|2018-10-26|2018-10-23|2018-10-29|2018-10-30|2018-10-19|2018-10-17,148,344
train_day_0499,train,train/train_day_0499.csv,310499,2019-07-30,weekday,summer,2019-07-30|2019-07-29|2019-07-31|2019-08-01|2019-08-02|2019-07-26|2019-08-05,173,344
train_day_0500,train,train/train_day_0500.csv,310500,2018-10-28,weekend,autumn,2018-10-28|2018-10-27|2018-10-21|2018-11-04|2018-11-10|2018-11-11|2018-10-13,131,344
val_day_0001,val,val/val_day_0001.csv,410001,2018-12-17,weekday,winter,2018-12-17|2018-12-11|2018-12-26|2019-01-09|2019-01-22|2019-01-31|2019-02-05,141,344
val_day_0002,val,val/val_day_0002.csv,410002,2019-05-14,weekday,spring,2019-05-14|2019-05-23|2019-05-02|2019-04-12|2019-04-10|2019-04-03|2019-03-26,151,344
val_day_0003,val,val/val_day_0003.csv,410003,2019-05-23,weekday,spring,2019-05-23|2019-05-14|2019-05-02|2019-04-12|2019-04-10|2019-04-03|2019-03-26,151,344
val_day_0004,val,val/val_day_0004.csv,410004,2018-09-04,weekday,autumn,2018-09-04|2018-09-14|2018-09-26|2018-10-11|2018-10-15|2018-10-24|2018-11-07,119,344
val_day_0005,val,val/val_day_0005.csv,410005,2018-11-08,weekday,autumn,2018-11-08|2018-11-07|2018-11-13|2018-10-24|2018-10-15|2018-10-11|2018-09-26,116,344
val_day_0006,val,val/val_day_0006.csv,410006,2019-08-23,weekday,summer,2019-08-23|2019-08-27|2019-08-30|2019-07-25|2019-07-24|2019-07-18|2019-06-17,136,344
val_day_0007,val,val/val_day_0007.csv,410007,2019-01-22,weekday,winter,2019-01-22|2019-01-31|2019-01-09|2019-02-05|2019-02-14|2018-12-26|2019-02-20,131,344
val_day_0008,val,val/val_day_0008.csv,410008,2018-10-24,weekday,autumn,2018-10-24|2018-10-15|2018-10-11|2018-11-07|2018-11-08|2018-11-13|2018-09-26,116,344
val_day_0009,val,val/val_day_0009.csv,410009,2018-11-13,weekday,autumn,2018-11-13|2018-11-08|2018-11-07|2018-10-24|2018-10-15|2018-10-11|2018-09-26,116,344
val_day_0010,val,val/val_day_0010.csv,410010,2018-09-26,weekday,autumn,2018-09-26|2018-09-14|2018-10-11|2018-10-15|2018-09-04|2018-10-24|2018-11-07,119,344
val_day_0011,val,val/val_day_0011.csv,410011,2019-02-16,weekend,winter,2019-02-16|2019-01-19|2018-12-23|2018-12-08,79,344
val_day_0012,val,val/val_day_0012.csv,410012,2018-12-23,weekend,winter,2018-12-23|2018-12-08|2019-01-19|2019-02-16,79,344
val_day_0013,val,val/val_day_0013.csv,410013,2019-06-16,weekend,summer,2019-06-16|2019-06-23|2019-07-13|2019-08-04,80,344
val_day_0014,val,val/val_day_0014.csv,410014,2018-12-11,weekday,winter,2018-12-11|2018-12-17|2018-12-26|2019-01-09|2019-01-22|2019-01-31|2019-02-05,141,344
val_day_0015,val,val/val_day_0015.csv,410015,2019-06-17,weekday,summer,2019-06-17|2019-06-14|2019-06-04|2019-07-18|2019-07-24|2019-07-25|2019-08-23,127,344
val_day_0016,val,val/val_day_0016.csv,410016,2019-06-04,weekday,summer,2019-06-04|2019-06-14|2019-06-17|2019-07-18|2019-07-24|2019-07-25|2019-08-23,127,344
val_day_0017,val,val/val_day_0017.csv,410017,2019-06-23,weekend,summer,2019-06-23|2019-06-16|2019-07-13|2019-08-04,80,344
val_day_0018,val,val/val_day_0018.csv,410018,2018-11-03,weekend,autumn,2018-11-03|2018-10-20|2018-09-30|2018-09-15,71,344
val_day_0019,val,val/val_day_0019.csv,410019,2019-03-26,weekday,spring,2019-03-26|2019-03-21|2019-04-03|2019-03-13|2019-04-10|2019-04-12|2019-05-02,141,344
val_day_0020,val,val/val_day_0020.csv,410020,2018-11-07,weekday,autumn,2018-11-07|2018-11-08|2018-11-13|2018-10-24|2018-10-15|2018-10-11|2018-09-26,116,344
val_day_0021,val,val/val_day_0021.csv,410021,2018-10-11,weekday,autumn,2018-10-11|2018-10-15|2018-10-24|2018-09-26|2018-09-14|2018-11-07|2018-11-08,111,344
val_day_0022,val,val/val_day_0022.csv,410022,2019-03-13,weekday,spring,2019-03-13|2019-03-21|2019-03-26|2019-04-03|2019-04-10|2019-04-12|2019-05-02,141,344
val_day_0023,val,val/val_day_0023.csv,410023,2019-08-04,weekend,summer,2019-08-04|2019-07-13|2019-06-23|2019-06-16,80,344
val_day_0024,val,val/val_day_0024.csv,410024,2019-02-05,weekday,winter,2019-02-05|2019-01-31|2019-02-14|2019-01-22|2019-02-20|2019-01-09|2018-12-26,131,344
val_day_0025,val,val/val_day_0025.csv,410025,2019-01-09,weekday,winter,2019-01-09|2019-01-22|2018-12-26|2019-01-31|2018-12-17|2019-02-05|2018-12-11,141,344
val_day_0026,val,val/val_day_0026.csv,410026,2019-07-13,weekend,summer,2019-07-13|2019-06-23|2019-08-04|2019-06-16,80,344
val_day_0027,val,val/val_day_0027.csv,410027,2018-10-15,weekday,autumn,2018-10-15|2018-10-11|2018-10-24|2018-09-26|2018-11-07|2018-11-08|2018-11-13,116,344
val_day_0028,val,val/val_day_0028.csv,410028,2018-12-08,weekend,winter,2018-12-08|2018-12-23|2019-01-19|2019-02-16,79,344
val_day_0029,val,val/val_day_0029.csv,410029,2019-01-19,weekend,winter,2019-01-19|2018-12-23|2019-02-16|2018-12-08,79,344
val_day_0030,val,val/val_day_0030.csv,410030,2019-03-30,weekend,spring,2019-03-30|2019-03-23|2019-04-13|2019-05-18,98,344
val_day_0031,val,val/val_day_0031.csv,410031,2019-03-23,weekend,spring,2019-03-23|2019-03-30|2019-04-13|2019-05-18,98,344
val_day_0032,val,val/val_day_0032.csv,410032,2019-08-27,weekday,summer,2019-08-27|2019-08-30|2019-08-23|2019-07-25|2019-07-24|2019-07-18|2019-06-17,136,344
val_day_0033,val,val/val_day_0033.csv,410033,2019-08-30,weekday,summer,2019-08-30|2019-08-27|2019-08-23|2019-07-25|2019-07-24|2019-07-18|2019-06-17,136,344
val_day_0034,val,val/val_day_0034.csv,410034,2019-07-24,weekday,summer,2019-07-24|2019-07-25|2019-07-18|2019-08-23|2019-08-27|2019-06-17|2019-08-30,136,344
val_day_0035,val,val/val_day_0035.csv,410035,2018-12-26,weekday,winter,2018-12-26|2018-12-17|2019-01-09|2018-12-11|2019-01-22|2019-01-31|2019-02-05,141,344
val_day_0036,val,val/val_day_0036.csv,410036,2019-05-18,weekend,spring,2019-05-18|2019-04-13|2019-03-30|2019-03-23,98,344
val_day_0037,val,val/val_day_0037.csv,410037,2019-07-25,weekday,summer,2019-07-25|2019-07-24|2019-07-18|2019-08-23|2019-08-27|2019-08-30|2019-06-17,136,344
val_day_0038,val,val/val_day_0038.csv,410038,2019-02-14,weekday,winter,2019-02-14|2019-02-20|2019-02-05|2019-01-31|2019-01-22|2019-01-09|2018-12-26,131,344
val_day_0039,val,val/val_day_0039.csv,410039,2019-06-14,weekday,summer,2019-06-14|2019-06-17|2019-06-04|2019-07-18|2019-07-24|2019-07-25|2019-08-23,127,344
val_day_0040,val,val/val_day_0040.csv,410040,2018-09-14,weekday,autumn,2018-09-14|2018-09-04|2018-09-26|2018-10-11|2018-10-15|2018-10-24|2018-11-07,119,344
val_day_0041,val,val/val_day_0041.csv,410041,2019-01-31,weekday,winter,2019-01-31|2019-02-05|2019-01-22|2019-02-14|2019-02-20|2019-01-09|2018-12-26,131,344
val_day_0042,val,val/val_day_0042.csv,410042,2019-04-03,weekday,spring,2019-04-03|2019-04-10|2019-03-26|2019-04-12|2019-03-21|2019-03-13|2019-05-02,141,344
val_day_0043,val,val/val_day_0043.csv,410043,2018-09-30,weekend,autumn,2018-09-30|2018-09-15|2018-10-20|2018-11-03,71,344
val_day_0044,val,val/val_day_0044.csv,410044,2019-04-12,weekday,spring,2019-04-12|2019-04-10|2019-04-03|2019-03-26|2019-05-02|2019-03-21|2019-03-13,141,344
val_day_0045,val,val/val_day_0045.csv,410045,2019-04-10,weekday,spring,2019-04-10|2019-04-12|2019-04-03|2019-03-26|2019-03-21|2019-05-02|2019-03-13,141,344
val_day_0046,val,val/val_day_0046.csv,410046,2018-09-15,weekend,autumn,2018-09-15|2018-09-30|2018-10-20|2018-11-03,71,344
val_day_0047,val,val/val_day_0047.csv,410047,2019-07-18,weekday,summer,2019-07-18|2019-07-24|2019-07-25|2019-06-17|2019-06-14|2019-08-23|2019-08-27,129,344
val_day_0048,val,val/val_day_0048.csv,410048,2019-05-02,weekday,spring,2019-05-02|2019-05-14|2019-04-12|2019-05-23|2019-04-10|2019-04-03|2019-03-26,151,344
val_day_0049,val,val/val_day_0049.csv,410049,2019-03-21,weekday,spring,2019-03-21|2019-03-26|2019-03-13|2019-04-03|2019-04-10|2019-04-12|2019-05-02,141,344
val_day_0050,val,val/val_day_0050.csv,410050,2018-10-20,weekend,autumn,2018-10-20|2018-11-03|2018-09-30|2018-09-15,71,344
val_day_0051,val,val/val_day_0051.csv,410051,2019-02-20,weekday,winter,2019-02-20|2019-02-14|2019-02-05|2019-01-31|2019-01-22|2019-01-09|2018-12-26,131,344
val_day_0052,val,val/val_day_0052.csv,410052,2019-04-13,weekend,spring,2019-04-13|2019-03-30|2019-03-23|2019-05-18,98,344
val_day_0053,val,val/val_day_0053.csv,410053,2019-02-14,weekday,winter,2019-02-14|2019-02-20|2019-02-05|2019-01-31|2019-01-22|2019-01-09|2018-12-26,131,344
val_day_0054,val,val/val_day_0054.csv,410054,2018-11-13,weekday,autumn,2018-11-13|2018-11-08|2018-11-07|2018-10-24|2018-10-15|2018-10-11|2018-09-26,116,344
val_day_0055,val,val/val_day_0055.csv,410055,2018-12-23,weekend,winter,2018-12-23|2018-12-08|2019-01-19|2019-02-16,79,344
val_day_0056,val,val/val_day_0056.csv,410056,2019-01-22,weekday,winter,2019-01-22|2019-01-31|2019-01-09|2019-02-05|2019-02-14|2018-12-26|2019-02-20,131,344
val_day_0057,val,val/val_day_0057.csv,410057,2019-07-18,weekday,summer,2019-07-18|2019-07-24|2019-07-25|2019-06-17|2019-06-14|2019-08-23|2019-08-27,129,344
val_day_0058,val,val/val_day_0058.csv,410058,2019-04-10,weekday,spring,2019-04-10|2019-04-12|2019-04-03|2019-03-26|2019-03-21|2019-05-02|2019-03-13,141,344
val_day_0059,val,val/val_day_0059.csv,410059,2019-02-16,weekend,winter,2019-02-16|2019-01-19|2018-12-23|2018-12-08,79,344
val_day_0060,val,val/val_day_0060.csv,410060,2018-09-04,weekday,autumn,2018-09-04|2018-09-14|2018-09-26|2018-10-11|2018-10-15|2018-10-24|2018-11-07,119,344
test_day_0001,test,test/test_day_0001.csv,510001,2019-08-19,weekday,summer,2019-08-19|2019-08-28|2019-08-29|2019-08-08|2019-07-23|2019-07-12|2019-07-09,154,344
test_day_0002,test,test/test_day_0002.csv,510002,2018-10-18,weekday,autumn,2018-10-18|2018-10-22|2018-10-09|2018-10-31|2018-11-01|2018-11-09|2018-11-16,140,344
test_day_0003,test,test/test_day_0003.csv,510003,2019-06-26,weekday,summer,2019-06-26|2019-07-01|2019-06-19|2019-06-18|2019-07-09|2019-07-12|2019-07-23,139,344
test_day_0004,test,test/test_day_0004.csv,510004,2019-04-16,weekday,spring,2019-04-16|2019-04-17|2019-04-09|2019-04-24|2019-03-29|2019-05-10|2019-05-15,136,344
test_day_0005,test,test/test_day_0005.csv,510005,2019-06-18,weekday,summer,2019-06-18|2019-06-19|2019-06-26|2019-07-01|2019-07-09|2019-07-12|2019-07-23,139,344
test_day_0006,test,test/test_day_0006.csv,510006,2019-05-10,weekday,spring,2019-05-10|2019-05-15|2019-05-20|2019-05-24|2019-04-24|2019-04-17|2019-04-16,135,344
test_day_0007,test,test/test_day_0007.csv,510007,2019-07-23,weekday,summer,2019-07-23|2019-07-12|2019-07-09|2019-08-08|2019-07-01|2019-06-26|2019-08-19,137,344
test_day_0008,test,test/test_day_0008.csv,510008,2019-08-11,weekend,summer,2019-08-11|2019-08-10|2019-07-06|2019-06-08,106,344
test_day_0009,test,test/test_day_0009.csv,510009,2018-11-16,weekday,autumn,2018-11-16|2018-11-21|2018-11-09|2018-11-01|2018-10-31|2018-10-22|2018-10-18,142,344
test_day_0010,test,test/test_day_0010.csv,510010,2019-04-09,weekday,spring,2019-04-09|2019-04-16|2019-04-17|2019-03-29|2019-04-24|2019-05-10|2019-03-07,140,344
test_day_0011,test,test/test_day_0011.csv,510011,2018-11-01,weekday,autumn,2018-11-01|2018-10-31|2018-11-09|2018-10-22|2018-10-18|2018-11-16|2018-11-21,142,344
test_day_0012,test,test/test_day_0012.csv,510012,2019-08-08,weekday,summer,2019-08-08|2019-08-19|2019-07-23|2019-08-28|2019-08-29|2019-07-12|2019-07-09,154,344
test_day_0013,test,test/test_day_0013.csv,510013,2019-02-08,weekday,winter,2019-02-08|2019-02-01|2019-01-30|2019-01-23|2019-02-28|2019-01-18|2019-01-04,166,344
test_day_0014,test,test/test_day_0014.csv,510014,2019-04-14,weekend,spring,2019-04-14|2019-03-16|2019-05-25,54,344
test_day_0015,test,test/test_day_0015.csv,510015,2019-03-07,weekday,spring,2019-03-07|2019-03-01|2019-03-29|2019-04-09|2019-04-16|2019-04-17|2019-04-24,139,344
test_day_0016,test,test/test_day_0016.csv,510016,2019-01-04,weekday,winter,2019-01-04|2018-12-31|2018-12-27|2019-01-18|2019-01-23|2019-01-30|2019-02-01,144,344
test_day_0017,test,test/test_day_0017.csv,510017,2019-06-08,weekend,summer,2019-06-08|2019-07-06|2019-08-10|2019-08-11,106,344
test_day_0018,test,test/test_day_0018.csv,510018,2019-01-06,weekend,winter,2019-01-06|2019-02-03|2018-12-02,56,344
test_day_0019,test,test/test_day_0019.csv,510019,2018-10-31,weekday,autumn,2018-10-31|2018-11-01|2018-10-22|2018-11-09|2018-10-18|2018-11-16|2018-11-21,142,344
test_day_0020,test,test/test_day_0020.csv,510020,2019-01-18,weekday,winter,2019-01-18|2019-01-23|2019-01-30|2019-01-04|2019-02-01|2018-12-31|2019-02-08,151,344
test_day_0021,test,test/test_day_0021.csv,510021,2018-12-27,weekday,winter,2018-12-27|2018-12-31|2019-01-04|2019-01-18|2018-12-03|2019-01-23|2019-01-30,139,344
test_day_0022,test,test/test_day_0022.csv,510022,2018-12-31,weekday,winter,2018-12-31|2018-12-27|2019-01-04|2019-01-18|2019-01-23|2018-12-03|2019-01-30,139,344
test_day_0023,test,test/test_day_0023.csv,510023,2019-08-29,weekday,summer,2019-08-29|2019-08-28|2019-08-19|2019-08-08|2019-07-23|2019-07-12|2019-07-09,154,344
test_day_0024,test,test/test_day_0024.csv,510024,2019-05-15,weekday,spring,2019-05-15|2019-05-10|2019-05-20|2019-05-24|2019-04-24|2019-04-17|2019-04-16,135,344
test_day_0025,test,test/test_day_0025.csv,510025,2019-08-28,weekday,summer,2019-08-28|2019-08-29|2019-08-19|2019-08-08|2019-07-23|2019-07-12|2019-07-09,154,344
test_day_0026,test,test/test_day_0026.csv,510026,2019-02-28,weekday,winter,2019-02-28|2019-02-08|2019-02-01|2019-01-30|2019-01-23|2019-01-18|2019-01-04,166,344
test_day_0027,test,test/test_day_0027.csv,510027,2018-09-08,weekend,autumn,2018-09-08|2018-10-14|2018-11-25,43,344
test_day_0028,test,test/test_day_0028.csv,510028,2018-11-25,weekend,autumn,2018-11-25|2018-10-14|2018-09-08,43,344
test_day_0029,test,test/test_day_0029.csv,510029,2018-09-05,weekday,autumn,2018-09-05|2018-09-06|2018-09-17|2018-10-09|2018-10-18|2018-10-22|2018-10-31,124,344
test_day_0030,test,test/test_day_0030.csv,510030,2018-12-03,weekday,winter,2018-12-03|2018-12-27|2018-12-31|2019-01-04|2019-01-18|2019-01-23|2019-01-30,139,344
test_day_0031,test,test/test_day_0031.csv,510031,2019-01-23,weekday,winter,2019-01-23|2019-01-18|2019-01-30|2019-02-01|2019-02-08|2019-01-04|2018-12-31,151,344
test_day_0032,test,test/test_day_0032.csv,510032,2019-06-19,weekday,summer,2019-06-19|2019-06-18|2019-06-26|2019-07-01|2019-07-09|2019-07-12|2019-07-23,139,344
test_day_0033,test,test/test_day_0033.csv,510033,2019-05-25,weekend,spring,2019-05-25|2019-04-14|2019-03-16,54,344
test_day_0034,test,test/test_day_0034.csv,510034,2018-09-06,weekday,autumn,2018-09-06|2018-09-05|2018-09-17|2018-10-09|2018-10-18|2018-10-22|2018-10-31,124,344
test_day_0035,test,test/test_day_0035.csv,510035,2018-12-02,weekend,winter,2018-12-02|2019-01-06|2019-02-03,56,344
test_day_0036,test,test/test_day_0036.csv,510036,2019-07-01,weekday,summer,2019-07-01|2019-06-26|2019-07-09|2019-07-12|2019-06-19|2019-06-18|2019-07-23,139,344
test_day_0037,test,test/test_day_0037.csv,510037,2019-05-20,weekday,spring,2019-05-20|2019-05-24|2019-05-15|2019-05-10|2019-04-24|2019-04-17|2019-04-16,135,344
test_day_0038,test,test/test_day_0038.csv,510038,2018-11-09,weekday,autumn,2018-11-09|2018-11-16|2018-11-01|2018-10-31|2018-11-21|2018-10-22|2018-10-18,142,344
test_day_0039,test,test/test_day_0039.csv,510039,2019-05-24,weekday,spring,2019-05-24|2019-05-20|2019-05-15|2019-05-10|2019-04-24|2019-04-17|2019-04-16,135,344
test_day_0040,test,test/test_day_0040.csv,510040,2018-09-17,weekday,autumn,2018-09-17|2018-09-06|2018-09-05|2018-10-09|2018-10-18|2018-10-22|2018-10-31,124,344
test_day_0041,test,test/test_day_0041.csv,510041,2019-03-01,weekday,spring,2019-03-01|2019-03-07|2019-03-29|2019-04-09|2019-04-16|2019-04-17|2019-04-24,139,344
test_day_0042,test,test/test_day_0042.csv,510042,2019-08-10,weekend,summer,2019-08-10|2019-08-11|2019-07-06|2019-06-08,106,344
test_day_0043,test,test/test_day_0043.csv,510043,2018-10-22,weekday,autumn,2018-10-22|2018-10-18|2018-10-31|2018-11-01|2018-10-09|2018-11-09|2018-11-16,140,344
test_day_0044,test,test/test_day_0044.csv,510044,2019-07-12,weekday,summer,2019-07-12|2019-07-09|2019-07-01|2019-07-23|2019-06-26|2019-06-19|2019-06-18,139,344
test_day_0045,test,test/test_day_0045.csv,510045,2019-07-06,weekend,summer,2019-07-06|2019-06-08|2019-08-10|2019-08-11,106,344
test_day_0046,test,test/test_day_0046.csv,510046,2019-02-01,weekday,winter,2019-02-01|2019-01-30|2019-02-08|2019-01-23|2019-01-18|2019-02-28|2019-01-04,166,344
test_day_0047,test,test/test_day_0047.csv,510047,2019-04-17,weekday,spring,2019-04-17|2019-04-16|2019-04-24|2019-04-09|2019-03-29|2019-05-10|2019-05-15,136,344
test_day_0048,test,test/test_day_0048.csv,510048,2019-03-29,weekday,spring,2019-03-29|2019-04-09|2019-04-16|2019-04-17|2019-03-07|2019-04-24|2019-03-01,139,344
test_day_0049,test,test/test_day_0049.csv,510049,2019-03-16,weekend,spring,2019-03-16|2019-04-14|2019-05-25,54,344
test_day_0050,test,test/test_day_0050.csv,510050,2019-01-30,weekday,winter,2019-01-30|2019-02-01|2019-01-23|2019-02-08|2019-01-18|2019-01-04|2019-02-28,166,344
test_day_0051,test,test/test_day_0051.csv,510051,2019-07-09,weekday,summer,2019-07-09|2019-07-12|2019-07-01|2019-06-26|2019-07-23|2019-06-19|2019-06-18,139,344
test_day_0052,test,test/test_day_0052.csv,510052,2019-04-24,weekday,spring,2019-04-24|2019-04-17|2019-04-16|2019-04-09|2019-05-10|2019-05-15|2019-03-29,136,344
test_day_0053,test,test/test_day_0053.csv,510053,2019-02-03,weekend,winter,2019-02-03|2019-01-06|2018-12-02,56,344
test_day_0054,test,test/test_day_0054.csv,510054,2018-11-21,weekday,autumn,2018-11-21|2018-11-16|2018-11-09|2018-11-01|2018-10-31|2018-10-22|2018-10-18,142,344
test_day_0055,test,test/test_day_0055.csv,510055,2018-10-09,weekday,autumn,2018-10-09|2018-10-18|2018-10-22|2018-09-17|2018-10-31|2018-11-01|2018-11-09,138,344
test_day_0056,test,test/test_day_0056.csv,510056,2018-10-14,weekend,autumn,2018-10-14|2018-09-08|2018-11-25,43,344
test_day_0057,test,test/test_day_0057.csv,510057,2019-01-23,weekday,winter,2019-01-23|2019-01-18|2019-01-30|2019-02-01|2019-02-08|2019-01-04|2018-12-31,151,344
test_day_0058,test,test/test_day_0058.csv,510058,2018-11-01,weekday,autumn,2018-11-01|2018-10-31|2018-11-09|2018-10-22|2018-10-18|2018-11-16|2018-11-21,142,344
test_day_0059,test,test/test_day_0059.csv,510059,2018-10-14,weekend,autumn,2018-10-14|2018-09-08|2018-11-25,43,344
test_day_0060,test,test/test_day_0060.csv,510060,2019-07-09,weekday,summer,2019-07-09|2019-07-12|2019-07-01|2019-06-26|2019-07-23|2019-06-19|2019-06-18,139,344
test_day_0061,test,test/test_day_0061.csv,510061,2018-10-09,weekday,autumn,2018-10-09|2018-10-18|2018-10-22|2018-09-17|2018-10-31|2018-11-01|2018-11-09,138,344
test_day_0062,test,test/test_day_0062.csv,510062,2019-04-24,weekday,spring,2019-04-24|2019-04-17|2019-04-16|2019-04-09|2019-05-10|2019-05-15|2019-03-29,136,344
test_day_0063,test,test/test_day_0063.csv,510063,2019-05-25,weekend,spring,2019-05-25|2019-04-14|2019-03-16,54,344
test_day_0064,test,test/test_day_0064.csv,510064,2019-07-06,weekend,summer,2019-07-06|2019-06-08|2019-08-10|2019-08-11,106,344
test_day_0065,test,test/test_day_0065.csv,510065,2018-09-06,weekday,autumn,2018-09-06|2018-09-05|2018-09-17|2018-10-09|2018-10-18|2018-10-22|2018-10-31,124,344
test_day_0066,test,test/test_day_0066.csv,510066,2019-05-10,weekday,spring,2019-05-10|2019-05-15|2019-05-20|2019-05-24|2019-04-24|2019-04-17|2019-04-16,135,344
test_day_0067,test,test/test_day_0067.csv,510067,2019-03-16,weekend,spring,2019-03-16|2019-04-14|2019-05-25,54,344
test_day_0068,test,test/test_day_0068.csv,510068,2019-03-01,weekday,spring,2019-03-01|2019-03-07|2019-03-29|2019-04-09|2019-04-16|2019-04-17|2019-04-24,139,344
test_day_0069,test,test/test_day_0069.csv,510069,2018-12-02,weekend,winter,2018-12-02|2019-01-06|2019-02-03,56,344
test_day_0070,test,test/test_day_0070.csv,510070,2019-03-07,weekday,spring,2019-03-07|2019-03-01|2019-03-29|2019-04-09|2019-04-16|2019-04-17|2019-04-24,139,344
test_day_0071,test,test/test_day_0071.csv,510071,2019-05-24,weekday,spring,2019-05-24|2019-05-20|2019-05-15|2019-05-10|2019-04-24|2019-04-17|2019-04-16,135,344
test_day_0072,test,test/test_day_0072.csv,510072,2019-01-30,weekday,winter,2019-01-30|2019-02-01|2019-01-23|2019-02-08|2019-01-18|2019-01-04|2019-02-28,166,344
test_day_0073,test,test/test_day_0073.csv,510073,2019-02-08,weekday,winter,2019-02-08|2019-02-01|2019-01-30|2019-01-23|2019-02-28|2019-01-18|2019-01-04,166,344
test_day_0074,test,test/test_day_0074.csv,510074,2019-01-18,weekday,winter,2019-01-18|2019-01-23|2019-01-30|2019-01-04|2019-02-01|2018-12-31|2019-02-08,151,344
test_day_0075,test,test/test_day_0075.csv,510075,2019-04-16,weekday,spring,2019-04-16|2019-04-17|2019-04-09|2019-04-24|2019-03-29|2019-05-10|2019-05-15,136,344
test_day_0076,test,test/test_day_0076.csv,510076,2019-07-01,weekday,summer,2019-07-01|2019-06-26|2019-07-09|2019-07-12|2019-06-19|2019-06-18|2019-07-23,139,344
test_day_0077,test,test/test_day_0077.csv,510077,2018-09-05,weekday,autumn,2018-09-05|2018-09-06|2018-09-17|2018-10-09|2018-10-18|2018-10-22|2018-10-31,124,344
test_day_0078,test,test/test_day_0078.csv,510078,2019-06-19,weekday,summer,2019-06-19|2019-06-18|2019-06-26|2019-07-01|2019-07-09|2019-07-12|2019-07-23,139,344
test_day_0079,test,test/test_day_0079.csv,510079,2018-10-18,weekday,autumn,2018-10-18|2018-10-22|2018-10-09|2018-10-31|2018-11-01|2018-11-09|2018-11-16,140,344
test_day_0080,test,test/test_day_0080.csv,510080,2018-11-09,weekday,autumn,2018-11-09|2018-11-16|2018-11-01|2018-10-31|2018-11-21|2018-10-22|2018-10-18,142,344
test_day_0081,test,test/test_day_0081.csv,510081,2019-02-01,weekday,winter,2019-02-01|2019-01-30|2019-02-08|2019-01-23|2019-01-18|2019-02-28|2019-01-04,166,344
test_day_0082,test,test/test_day_0082.csv,510082,2019-06-26,weekday,summer,2019-06-26|2019-07-01|2019-06-19|2019-06-18|2019-07-09|2019-07-12|2019-07-23,139,344
test_day_0083,test,test/test_day_0083.csv,510083,2019-05-20,weekday,spring,2019-05-20|2019-05-24|2019-05-15|2019-05-10|2019-04-24|2019-04-17|2019-04-16,135,344
test_day_0084,test,test/test_day_0084.csv,510084,2019-07-12,weekday,summer,2019-07-12|2019-07-09|2019-07-01|2019-07-23|2019-06-26|2019-06-19|2019-06-18,139,344
test_day_0085,test,test/test_day_0085.csv,510085,2019-04-17,weekday,spring,2019-04-17|2019-04-16|2019-04-24|2019-04-09|2019-03-29|2019-05-10|2019-05-15,136,344
test_day_0086,test,test/test_day_0086.csv,510086,2019-08-10,weekend,summer,2019-08-10|2019-08-11|2019-07-06|2019-06-08,106,344
test_day_0087,test,test/test_day_0087.csv,510087,2019-05-15,weekday,spring,2019-05-15|2019-05-10|2019-05-20|2019-05-24|2019-04-24|2019-04-17|2019-04-16,135,344
test_day_0088,test,test/test_day_0088.csv,510088,2018-12-31,weekday,winter,2018-12-31|2018-12-27|2019-01-04|2019-01-18|2019-01-23|2018-12-03|2019-01-30,139,344
test_day_0089,test,test/test_day_0089.csv,510089,2019-08-11,weekend,summer,2019-08-11|2019-08-10|2019-07-06|2019-06-08,106,344
test_day_0090,test,test/test_day_0090.csv,510090,2019-07-23,weekday,summer,2019-07-23|2019-07-12|2019-07-09|2019-08-08|2019-07-01|2019-06-26|2019-08-19,137,344
test_day_0091,test,test/test_day_0091.csv,510091,2018-11-16,weekday,autumn,2018-11-16|2018-11-21|2018-11-09|2018-11-01|2018-10-31|2018-10-22|2018-10-18,142,344
test_day_0092,test,test/test_day_0092.csv,510092,2019-08-29,weekday,summer,2019-08-29|2019-08-28|2019-08-19|2019-08-08|2019-07-23|2019-07-12|2019-07-09,154,344
test_day_0093,test,test/test_day_0093.csv,510093,2018-10-31,weekday,autumn,2018-10-31|2018-11-01|2018-10-22|2018-11-09|2018-10-18|2018-11-16|2018-11-21,142,344
test_day_0094,test,test/test_day_0094.csv,510094,2019-04-09,weekday,spring,2019-04-09|2019-04-16|2019-04-17|2019-03-29|2019-04-24|2019-05-10|2019-03-07,140,344
test_day_0095,test,test/test_day_0095.csv,510095,2019-06-08,weekend,summer,2019-06-08|2019-07-06|2019-08-10|2019-08-11,106,344
test_day_0096,test,test/test_day_0096.csv,510096,2019-01-06,weekend,winter,2019-01-06|2019-02-03|2018-12-02,56,344
test_day_0097,test,test/test_day_0097.csv,510097,2018-09-08,weekend,autumn,2018-09-08|2018-10-14|2018-11-25,43,344
test_day_0098,test,test/test_day_0098.csv,510098,2018-10-22,weekday,autumn,2018-10-22|2018-10-18|2018-10-31|2018-11-01|2018-10-09|2018-11-09|2018-11-16,140,344
test_day_0099,test,test/test_day_0099.csv,510099,2019-01-04,weekday,winter,2019-01-04|2018-12-31|2018-12-27|2019-01-18|2019-01-23|2019-01-30|2019-02-01,144,344
test_day_0100,test,test/test_day_0100.csv,510100,2018-12-27,weekday,winter,2018-12-27|2018-12-31|2019-01-04|2019-01-18|2018-12-03|2019-01-23|2019-01-30,139,344
test_day_0101,test,test/test_day_0101.csv,510101,2018-09-17,weekday,autumn,2018-09-17|2018-09-06|2018-09-05|2018-10-09|2018-10-18|2018-10-22|2018-10-31,124,344
test_day_0102,test,test/test_day_0102.csv,510102,2019-04-14,weekend,spring,2019-04-14|2019-03-16|2019-05-25,54,344
test_day_0103,test,test/test_day_0103.csv,510103,2019-02-28,weekday,winter,2019-02-28|2019-02-08|2019-02-01|2019-01-30|2019-01-23|2019-01-18|2019-01-04,166,344
test_day_0104,test,test/test_day_0104.csv,510104,2019-02-03,weekend,winter,2019-02-03|2019-01-06|2018-12-02,56,344
test_day_0105,test,test/test_day_0105.csv,510105,2018-11-25,weekend,autumn,2018-11-25|2018-10-14|2018-09-08,43,344
test_day_0106,test,test/test_day_0106.csv,510106,2019-08-19,weekday,summer,2019-08-19|2019-08-28|2019-08-29|2019-08-08|2019-07-23|2019-07-12|2019-07-09,154,344
test_day_0107,test,test/test_day_0107.csv,510107,2018-12-03,weekday,winter,2018-12-03|2018-12-27|2018-12-31|2019-01-04|2019-01-18|2019-01-23|2019-01-30,139,344
test_day_0108,test,test/test_day_0108.csv,510108,2019-08-08,weekday,summer,2019-08-08|2019-08-19|2019-07-23|2019-08-28|2019-08-29|2019-07-12|2019-07-09,154,344
test_day_0109,test,test/test_day_0109.csv,510109,2019-06-18,weekday,summer,2019-06-18|2019-06-19|2019-06-26|2019-07-01|2019-07-09|2019-07-12|2019-07-23,139,344
test_day_0110,test,test/test_day_0110.csv,510110,2019-03-29,weekday,spring,2019-03-29|2019-04-09|2019-04-16|2019-04-17|2019-03-07|2019-04-24|2019-03-01,139,344
test_day_0111,test,test/test_day_0111.csv,510111,2019-08-28,weekday,summer,2019-08-28|2019-08-29|2019-08-19|2019-08-08|2019-07-23|2019-07-12|2019-07-09,154,344
test_day_0112,test,test/test_day_0112.csv,510112,2018-11-21,weekday,autumn,2018-11-21|2018-11-16|2018-11-09|2018-11-01|2018-10-31|2018-10-22|2018-10-18,142,344
test_day_0113,test,test/test_day_0113.csv,510113,2018-12-02,weekend,winter,2018-12-02|2019-01-06|2019-02-03,56,344
test_day_0114,test,test/test_day_0114.csv,510114,2018-10-18,weekday,autumn,2018-10-18|2018-10-22|2018-10-09|2018-10-31|2018-11-01|2018-11-09|2018-11-16,140,344
test_day_0115,test,test/test_day_0115.csv,510115,2018-09-17,weekday,autumn,2018-09-17|2018-09-06|2018-09-05|2018-10-09|2018-10-18|2018-10-22|2018-10-31,124,344
test_day_0116,test,test/test_day_0116.csv,510116,2019-07-01,weekday,summer,2019-07-01|2019-06-26|2019-07-09|2019-07-12|2019-06-19|2019-06-18|2019-07-23,139,344
test_day_0117,test,test/test_day_0117.csv,510117,2019-04-16,weekday,spring,2019-04-16|2019-04-17|2019-04-09|2019-04-24|2019-03-29|2019-05-10|2019-05-15,136,344
test_day_0118,test,test/test_day_0118.csv,510118,2019-08-10,weekend,summer,2019-08-10|2019-08-11|2019-07-06|2019-06-08,106,344
test_day_0119,test,test/test_day_0119.csv,510119,2018-09-06,weekday,autumn,2018-09-06|2018-09-05|2018-09-17|2018-10-09|2018-10-18|2018-10-22|2018-10-31,124,344
test_day_0120,test,test/test_day_0120.csv,510120,2018-11-09,weekday,autumn,2018-11-09|2018-11-16|2018-11-01|2018-10-31|2018-11-21|2018-10-22|2018-10-18,142,344
