Scenario_ID,Split,WT_Correlation,PV_Correlation,Load_Correlation,Price_Correlation,WT_Mean,PV_Mean,Load_Mean,Price_Mean,Peak_New_Arrivals,Peak_Active_Vehicles,Vehicle_Load_Correlation,Vehicle_Price_Correlation
train_day_0001,train,0.9117431028532522,0.9867181160483409,0.9424503419949563,0.888538323295908,50.04428621656856,19.228835370060917,53.155159945609775,965.6831762741109,22,73,0.606533994264888,0.036507653209756616
train_day_0002,train,0.9239857177686183,0.9757069311384707,0.914442345051399,0.9080849713057382,58.88363881500643,19.50477895792282,49.60426556420765,827.1901706819957,22,66,0.3153373062363203,-0.35063275690706236
train_day_0003,train,0.9149039702274232,0.9693913650555676,0.9575857141180651,0.9260979900667635,45.49282706195189,24.763131251011867,52.85436829645641,928.3470268263367,19,61,0.6653285223026756,-0.11621165099626624
train_day_0004,train,0.9400339233649586,0.9868256997906286,0.890740925014195,0.9219353223355916,57.63992264158253,15.861787463743845,53.15357381873171,931.3671147959641,20,77,0.5636417148061358,-0.16619556354443762
train_day_0005,train,0.9575483516741709,0.9758184419418399,0.9384914316748718,0.8803871119441655,51.39651621099686,17.093806953901975,55.29006529261775,781.6368150117975,22,88,0.43893039183119226,-0.22615429346689842
train_day_0006,train,0.9314034798698512,0.9748521430348183,0.9090553306391068,0.9372599177853158,54.19953819078256,20.060091238471504,51.9581879554666,928.5917001755828,24,80,0.4441254739699381,-0.21626667768335953
train_day_0007,train,0.907408787399873,0.9868827837698999,0.9118779090019152,0.9320639738669618,52.467936884708934,23.22152888223523,52.09527396110559,837.2011315396094,19,65,0.6335608640129384,-0.17562921620412897
train_day_0008,train,0.9290545772231459,0.972773688927238,0.8997848511571364,0.8777324921928849,48.61606072662457,24.75038767940701,57.0323456671519,862.0029757979522,19,85,0.48089164819311936,-0.3142702597008307
train_day_0009,train,0.9024203664559168,0.945884309741985,0.9310500790608172,0.9303282646403905,52.34467338870417,18.1711188726953,55.65648033100666,926.9773439163301,17,82,0.5664467501232605,-0.14243937609992263
train_day_0010,train,0.9573151826072483,0.9956475809446139,0.9162734907603804,0.9051123343863199,57.051448273342395,20.52642238334218,54.46336658051033,862.5965607276203,18,54,0.7523853343006334,0.152349485466208
train_day_0011,train,0.951551080033217,0.9146935280655625,0.9127946950432854,0.9066608480027282,54.454945153616926,13.755883007475296,49.67060622560623,945.732838333531,21,68,0.45534947653141417,-0.1382558149102836
train_day_0012,train,0.9471792760452664,0.9718145865069384,0.8639009312211681,0.9371303563906479,52.37695742012253,26.452766967017535,51.409323732767376,801.3877308723407,22,65,0.41524389077578444,-0.29573892994263007
train_day_0013,train,0.8930610969261001,0.9868096429984751,0.8955980708903453,0.9658252417923698,46.84553625683201,21.997071340466494,50.574355965822406,884.0393727910515,25,64,0.4456435456642419,-0.2252449815063033
train_day_0014,train,0.9592546635103691,0.9668296640706023,0.9522356834753258,0.9077824928621727,57.958475776480746,14.149072597183453,53.18786505759158,849.0595183725654,23,86,0.5454624882358239,-0.2224695882188074
train_day_0015,train,0.904347373018929,0.9682092950186251,0.937515730664936,0.9481627289659313,48.56495208056782,21.118900352312483,53.336848438791584,934.2592169388463,20,70,0.7492137455676261,-0.24291851863204358
train_day_0016,train,0.915252900580532,0.9938312286368777,0.9384755968192541,0.9588779402907556,51.11885486118651,22.136557332556446,50.390592529698715,865.4998525909301,28,102,0.6195503405941631,-0.26896863999229637
train_day_0017,train,0.9447678158442249,0.965654066511359,0.9177737722355523,0.8977565616373575,51.34360385371233,18.374266483870198,52.85463663005146,938.6980730642276,18,69,0.5646868375495765,-0.16131470006319082
train_day_0018,train,0.9345430844795212,0.993661323393448,0.9431116715002937,0.9724758525640457,43.88400527538385,18.293726535700742,51.68504483581626,902.2763460057782,18,76,0.4410844787241488,-0.33766892659352477
train_day_0019,train,0.9319838854886946,0.976321170168295,0.9226115298003789,0.9333479438661618,55.71703156984024,15.7618031706113,55.57278447575874,941.938429390253,21,61,0.4637653308617215,-0.3380852802383585
train_day_0020,train,0.96517256498533,0.9301718730668438,0.8772597001310827,0.8986219162154815,50.406074452824434,20.837251226216388,51.63436209228356,846.5826725158486,24,81,0.19171465046582423,-0.5247188406457738
train_day_0021,train,0.8946389532260629,0.9782109940792213,0.9126893804029379,0.9366593735932482,49.69299260994135,17.057898951176266,56.06719640193774,959.9073035347824,17,67,0.665195967209498,-0.2343002252581079
train_day_0022,train,0.9602189673282432,0.9156014853311168,0.967613822221269,0.8872584142830933,54.868943391629635,16.125486817921615,55.40988790193254,954.460437400127,15,59,0.6064471216562588,-0.004625100326206925
train_day_0023,train,0.9339725489736723,0.9819436147279593,0.972706572273733,0.9475699969158642,58.254208583090026,16.476483324311705,54.968147477321246,938.5100425958793,15,58,0.5161674904483479,-0.33824221653457315
train_day_0024,train,0.9531498193101201,0.9901417227115193,0.8903899607002059,0.9330899189067821,59.57099724647367,19.724656445703207,52.73943439504192,867.7128644006576,21,79,0.5619005066475412,-0.29415517345442344
train_day_0025,train,0.9509341465524532,0.971943931007257,0.912181782887189,0.9468828270402428,49.75065555518385,20.863129574300796,59.28716577804183,872.0416100932222,17,54,0.45064319695745536,-0.3450094695094687
train_day_0026,train,0.9136491615978551,0.9202286815975774,0.879916109603037,0.972120014880508,53.09854095665607,20.956028117256746,54.46753772558666,825.9051739629695,17,68,0.6297253437138344,-0.3537905517731004
train_day_0027,train,0.9617173085461734,0.9428582689482281,0.8961880047863143,0.9219067546300594,59.68654642840064,13.650620086422043,48.8288252440669,942.17049113536,25,74,0.5137506967395447,-0.4656119024078218
train_day_0028,train,0.9210835576897575,0.9643578693112168,0.9241115752085483,0.9299038187095034,47.617715665448685,22.05391973593865,49.35959329384752,937.5646618795869,16,56,0.6384451842554772,-0.02319281865281833
train_day_0029,train,0.9480642803123602,0.9613016310655136,0.9001041403493636,0.881857919415578,53.35004215852914,18.276424624736126,51.97434628327844,888.2011660275856,22,75,0.5282018641741142,-0.24491745638944193
train_day_0030,train,0.9624706571582523,0.9624541532382193,0.9576380399850752,0.9428992125525111,51.02723747991746,18.6966379223683,54.64889029743097,825.9039440961711,22,74,0.5244905591441286,-0.2886298090043689
train_day_0031,train,0.9291206769368179,0.9833353351735541,0.8878084926288027,0.9009264126291741,58.98271204642001,17.59576823659226,50.6866394276169,848.4287905924226,15,61,0.6111526642797724,-0.24324380857598335
train_day_0032,train,0.9256091577104529,0.9786605579099457,0.9082235566738233,0.9393662236826498,44.90151831779423,26.201439551302183,54.61049463531865,831.3032029420488,27,83,0.5601032272466123,-0.24824301367376178
train_day_0033,train,0.902622850594778,0.9648929171515126,0.9115635715879902,0.9466294210174758,51.159652867621425,20.731234999843565,52.169970683944165,965.5364497648021,20,73,0.4063989360739532,-0.2329508333556773
train_day_0034,train,0.9475355127866777,0.9510628905250998,0.9270886752617503,0.8904353957604587,51.57542944353562,14.206260514702166,55.50626800136786,841.8422885961801,15,60,0.5102744437387815,-0.08849896447039632
train_day_0035,train,0.9225534631267,0.9823297308759531,0.9450509937345065,0.9318590632200143,55.8120729355248,18.074329708443177,58.416022022234614,880.2015916521901,20,61,0.5135798258184753,-0.20884607515567813
train_day_0036,train,0.9326841281097148,0.950385965842257,0.9143261321510355,0.9344940006043062,53.0801819103753,13.794297783875527,51.45954012239321,843.8798152701494,17,64,0.6131233141982146,-0.05831063146863238
train_day_0037,train,0.9337758364390838,0.9436517192084288,0.8722994740827608,0.9416090604045441,57.30682955159184,18.71370040283345,52.36859830445592,830.8676609006249,17,62,0.6114043182244356,-0.1781800483632863
train_day_0038,train,0.909672696487567,0.9789087859838314,0.9438487876067846,0.9101964094160762,45.71207341896481,23.34722349694159,56.578317641527654,873.2433580103585,22,73,0.7147552298569615,-0.023684428158015507
train_day_0039,train,0.9329018455805774,0.9710359151159863,0.9437809176080992,0.9515247377864006,53.39651216932648,20.37179434036099,56.14683158100237,824.6687264616849,21,71,0.4556794125798115,-0.3036366028669594
train_day_0040,train,0.8902094791690588,0.9709260156058382,0.9117239728350373,0.8613433877649489,44.305609193360745,22.788967553466847,51.127054021877875,838.9273113936389,25,62,0.6835111635361071,0.01242159654510306
train_day_0041,train,0.956297942105657,0.9608989682980844,0.8724334185664187,0.9211771369686206,47.31242996565333,21.145666489082895,50.97367831488162,787.7019827041076,28,83,0.4161335333723214,-0.2452652587365195
train_day_0042,train,0.961531662726148,0.9759856085956294,0.8638056016253952,0.8982997652956877,54.275584636470874,16.579510809747735,48.094739207090704,889.6348173756186,30,82,0.6102264856601819,-0.139282449758743
train_day_0043,train,0.8865117869013659,0.9015105994764293,0.9099810316014573,0.942760609036971,48.68149321888557,15.2523042761767,51.21002396096122,853.2571935986549,29,66,0.6118780141007466,-0.15653177602292084
train_day_0044,train,0.9627562777325648,0.9740429012082112,0.9630075906647857,0.8685038192873166,58.44910508319194,17.580785137652814,53.08452828443759,794.8692070666738,28,75,0.6477099012306972,-0.008567496397783026
train_day_0045,train,0.9256491488698845,0.9676387157228954,0.9254845455282498,0.9297676964807856,55.08278190646476,15.896348418206202,54.612686349352664,928.6233233054245,23,82,0.6541206034901933,-0.2454741737837972
train_day_0046,train,0.9486184206990006,0.9822164629171838,0.9124908379317307,0.9029957912876664,45.0053624448063,22.553466247432834,54.178646251195765,883.7140756611876,20,66,0.4718688746223709,-0.22038702550419376
train_day_0047,train,0.8800595444473847,0.9177581761345546,0.9347918367404675,0.8588391854808426,49.61991014549606,15.770922886361674,52.20459150609489,910.5541024247287,22,73,0.5775232350758587,0.0595616484141741
train_day_0048,train,0.9235163716418188,0.9786554103814114,0.9332887780736748,0.9160076829098298,54.21999822755578,27.40065620916059,47.167701253976794,857.5025542187744,16,71,0.5791091622764517,-0.25142883815336164
train_day_0049,train,0.9476432802977726,0.9657975538986795,0.9463566260535939,0.9350595704407576,54.144246620659864,17.862233476050797,51.90323485689306,869.7245410716747,17,63,0.635254983060219,-0.12960198040135745
train_day_0050,train,0.9565322541796244,0.969831140187848,0.9498500874327539,0.9258599108381558,49.51756529269601,24.79163691968249,50.320286724816235,843.8636250982318,16,78,0.34278286116367146,-0.22844782784047263
train_day_0051,train,0.9115505279528869,0.959546841753543,0.9611899156662318,0.9754818292099224,56.27701961166205,16.005406174269645,56.791935529847194,973.9023459713472,18,72,0.4784350992073142,-0.22018280066194654
train_day_0052,train,0.9500006432041315,0.9891616218509475,0.8849505182776268,0.92666704334672,49.784371884163086,18.004873743952086,57.51636547130004,865.2208351602867,19,71,0.6330673005523949,-0.06381002871819091
train_day_0053,train,0.9462561958167928,0.9712261873127466,0.9684005683198956,0.9239116972693286,48.72889934696161,26.148827666113288,55.277592856957405,823.888763988641,24,70,0.5823531541688018,-0.1735798297347234
train_day_0054,train,0.9344386812470091,0.9199164663923135,0.9281650293996156,0.9171720129546254,56.86469853118667,17.45798075760358,49.93025378854687,858.1077202695691,27,77,0.5151840176447113,-0.42320626106283865
train_day_0055,train,0.9502645426178274,0.9789547273589013,0.9385890237935739,0.935523590772733,44.395205148592225,25.55374948261279,47.36370160229865,874.7131707781313,22,71,0.43085024224924473,-0.3070494797789722
train_day_0056,train,0.9610687047368836,0.9780045242650853,0.8852797640395712,0.892986766623417,55.72229503716815,22.150491853043473,52.56705980888314,875.0213851634626,21,68,0.6954075280803538,0.06549046322039306
train_day_0057,train,0.9144794879521105,0.9417050931929966,0.9068665654860139,0.8825488126073684,49.23890885476964,18.939870487860123,51.159745270639554,818.790330108273,26,68,0.43865412332655335,-0.21899996845244196
train_day_0058,train,0.9524080754423638,0.9603535806766494,0.8892757924967981,0.884178046576931,58.32133998026561,12.719760855994545,47.05430030211866,883.2318933583688,20,89,0.5633039387903257,-0.20325629694580724
train_day_0059,train,0.9349442686053692,0.9806100595511538,0.949780759546224,0.9585918577106042,50.932742767664024,23.343682623500758,47.97138318172665,796.0324981507296,25,73,0.5317479579327405,-0.387722962097325
train_day_0060,train,0.94222352615572,0.9539049504689406,0.9207188628391019,0.8447845540259767,50.97015347107453,15.56878711955513,55.419000672497674,838.6123558370036,29,90,0.618915544559283,0.06477575984268476
train_day_0061,train,0.9570871219545576,0.9767035288978254,0.9049847797733654,0.9172916069175698,59.28944752065948,17.596373869746557,54.057531955173,838.2171813090714,20,71,0.5678014387420299,-0.26799193198849636
train_day_0062,train,0.9294273103980041,0.9444467754652457,0.8970403950767488,0.9261871316741317,57.752002879374295,16.25130792154957,51.59122499402795,775.824309771077,27,86,0.6115208700976613,-0.2227403824024677
train_day_0063,train,0.8555959188721203,0.8936653568296907,0.9584689625921171,0.9076838901186186,46.28545359629322,21.610388484868253,49.76507017177736,831.7752999919807,21,67,0.46625378315166016,-0.12323860626960628
train_day_0064,train,0.9408183840052594,0.9758617618119325,0.933186152303845,0.8725875965198696,51.6402522624385,22.349769666956252,51.35775679473924,929.1955316352086,19,63,0.4792501965860857,-0.16017941198862895
train_day_0065,train,0.922233423124697,0.9691111238453529,0.9025943586949331,0.9242355534568707,51.672715065825344,16.854742655195334,50.037883136568695,882.2133794470019,16,74,0.7150038933369147,-0.03190336863249281
train_day_0066,train,0.9377792824409844,0.9504467572195586,0.9613199533232384,0.9222372385932575,49.00426251199142,17.941112425823402,55.521690878366634,909.3860130339466,20,81,0.68446039311245,-0.17858185921798425
train_day_0067,train,0.9264544413195305,0.9796769444867461,0.8676572746937389,0.9053319330285879,49.50856347075677,19.716282094076462,54.55813716608794,948.3996344226234,21,69,0.5337820681909323,-0.06371882686796167
train_day_0068,train,0.9542708954441067,0.9821583568287274,0.9317399467558957,0.9497838559814267,60.044953384653866,18.2684301520089,58.9870813169191,946.1378789794686,24,84,0.42955711428315585,-0.4755289592416161
train_day_0069,train,0.9297617520982013,0.9802608963999601,0.9684209257611089,0.9001248057844047,53.60607853199918,18.3905026931731,56.11314255025161,930.2348830267015,21,78,0.518379394036499,-0.4062510542853258
train_day_0070,train,0.9144662905076811,0.9676051098249321,0.956957130844403,0.8764953529828826,55.1100171684306,18.043939457290602,55.09568629414605,831.8562406526985,26,73,0.4319498135376378,-0.05784670578784927
train_day_0071,train,0.946728451174137,0.98495152823189,0.8982664656687043,0.9008675657852666,59.511299578928664,17.031075257178856,48.94726892438877,769.1129094463972,27,82,0.5210927069039534,-0.23018914870765042
train_day_0072,train,0.9410386853909726,0.977509662325828,0.9052403346946771,0.9019552767420759,51.94916908844954,13.786170354545726,56.318372614719145,895.1965846847921,27,89,0.6185697056241188,-0.03401175616020232
train_day_0073,train,0.8877678431751405,0.971308565913344,0.9164621369861611,0.8242105309056482,52.115834194622494,23.219283948498116,49.347481677876736,809.9302857500802,26,74,0.6001576509745135,-0.018854625447736518
train_day_0074,train,0.9212825563279959,0.9785840929435287,0.9554022425507949,0.9274439061096371,54.00654373931303,21.093487639385778,51.5825346884827,874.3650457064108,28,75,0.46784343687703056,-0.2547714828457336
train_day_0075,train,0.8829976088946333,0.909412656928568,0.9348850792805253,0.9243382660571514,48.96668852737366,18.456713122774925,49.31177213172932,875.223395444108,28,91,0.6120647737442915,-0.0979172843154446
train_day_0076,train,0.9492625826933435,0.9479767527457814,0.9679250017178246,0.9647253610549724,57.86466349516015,14.424362727121718,55.671058283255206,941.2094475077341,14,64,0.5387047297033177,-0.30014413317970096
train_day_0077,train,0.9398730008007155,0.9762694929205581,0.8661301269483679,0.9240147281447361,55.19829706517925,15.730292848681827,47.09480277991488,870.5953155792441,23,85,0.5618363623003096,-0.33225241354580454
train_day_0078,train,0.9515559872673708,0.9627861032178283,0.9064923050324432,0.8519223462701705,54.323704589225166,22.049628506775083,53.73927382268439,844.6820752152489,25,62,0.643543442638909,-0.00016136563643054836
train_day_0079,train,0.9386966541511355,0.9894686140777581,0.9008534797564718,0.9179222494137601,58.59213238960422,17.141989398266222,47.17474298047006,760.2743859774646,19,80,0.456959071156844,-0.23702156990530185
train_day_0080,train,0.9260832847472747,0.9890940623372048,0.9591719775128227,0.961386590892829,52.608639558748756,17.083627731872507,57.01394643168366,926.1134224518797,21,75,0.5220183486432411,-0.14265764739947273
train_day_0081,train,0.9609247360143136,0.9913437412131757,0.9231559463794573,0.9415175379988504,52.863929367261505,20.99055564475454,56.27393369071382,913.0092082085454,27,80,0.6431270295813134,-0.07976420982443366
train_day_0082,train,0.9161827134409078,0.9910978108320002,0.8833143897491597,0.938451625794388,52.332143283714835,20.418890811189517,52.66999695974287,867.7465345698139,25,81,0.4932045390351869,-0.3141060981205967
train_day_0083,train,0.9585964067420988,0.9850855513569162,0.8911471583838008,0.8826543531628878,54.768769361383704,18.057394923918466,50.82611813687245,902.949388978326,17,71,0.5201640917990711,-0.3177928084171745
train_day_0084,train,0.926900851105662,0.9570914213610512,0.9595238527793438,0.9739356703939354,52.03935309161832,20.868972659063875,56.36860540401355,964.9387434764591,22,67,0.6247055826994663,-0.27048897740992356
train_day_0085,train,0.9465245284716169,0.9424543956470048,0.8843174573178879,0.8851892801984688,50.904737239234954,16.348272853505804,55.65585625952631,963.6796260144819,16,73,0.6386556418503478,-0.16964338165845427
train_day_0086,train,0.9441923974457164,0.9613753876292366,0.9556060708543944,0.9438249069950502,47.07848839492616,22.025735710892743,51.1378959049863,878.6844866074899,20,76,0.42663319498696317,-0.17015047008394166
train_day_0087,train,0.9549583153925487,0.941996507460959,0.9072128197795709,0.882321671342789,55.690310867010595,18.04196416566172,55.40575721171405,836.732402110944,16,54,0.6297672891292883,-0.07003340927359343
train_day_0088,train,0.9303504456690761,0.9937240533415198,0.9422315795127394,0.9381138257681284,56.98870394218,23.691521021614676,55.470398070658085,819.1366994214177,23,74,0.6909694907127331,-0.09730836806465513
train_day_0089,train,0.892172951841006,0.9731860807081069,0.9332382580557663,0.8428549477221223,48.77011497020212,15.194827693183703,52.48342688274681,883.7775947804906,18,81,0.6090745201332576,-0.24344133061425235
train_day_0090,train,0.8919394204128848,0.9408549621221087,0.9444059506101556,0.9448720981966025,56.75901360073768,17.973018293582104,55.584147412817515,925.4273943899149,20,60,0.5612992423906076,-0.06526078026805317
train_day_0091,train,0.911905403331936,0.9927821659941646,0.9524957948001657,0.9293290449296067,60.284753788011166,20.29982336491889,50.79958207002415,806.0133272381539,18,61,0.4599345058619329,-0.3566213489536494
train_day_0092,train,0.9292938415207878,0.9803991086927478,0.9419833720786859,0.8902775420999572,56.08958513359256,18.639869123757993,50.71490530576866,878.0393070489048,18,65,0.5149793397083717,0.1472525511703769
train_day_0093,train,0.8760941757260303,0.9798384509151287,0.9560311548439345,0.9067562064489446,46.56027543762965,21.91519852994882,53.60255966821251,922.7026133214698,25,62,0.5537911366095847,0.002027520427065979
train_day_0094,train,0.9115267332975073,0.9723954765582269,0.8637092652956281,0.9040098594214586,58.43754078869972,14.39788487841453,50.6428247011636,856.3805766932081,24,93,0.5149744127837753,-0.3576465473443586
train_day_0095,train,0.97205917368517,0.9569896103149439,0.9162811153299008,0.8823262016458004,49.25908870140811,15.808213205662947,50.63548915921536,865.1972146267499,22,87,0.6404193615326861,-0.303102680970638
train_day_0096,train,0.96006445817378,0.9731200529278711,0.9373237192352818,0.9054513400995319,50.95104331450886,16.21132487096365,51.359699534721926,905.4562879310303,19,70,0.714431721601509,-0.09439617577729834
train_day_0097,train,0.9348015676437277,0.9796014942555203,0.9221026969497202,0.9066162434701762,43.682123855517084,26.147965890943038,58.72752836571339,974.8927783951405,22,65,0.5606135451809812,-0.2664912942864622
train_day_0098,train,0.9693738740550192,0.989995061278341,0.9612671134196454,0.9123066944005552,52.453372194529756,20.56876025629386,54.69224819073825,956.7396758480423,21,62,0.42015513980764424,-0.325067690711395
train_day_0099,train,0.9268710501056023,0.9978917608988896,0.9475631008943362,0.9454304731200475,49.58665183718526,15.055733910192494,48.07320027976693,853.2153871578577,25,69,0.5943012877308921,-0.2827697762313729
train_day_0100,train,0.9368573189235909,0.974605079131444,0.9245785999510953,0.8880131943735765,43.491696448546215,19.58891445786371,56.408422796759645,843.9177703868658,16,72,0.5011336732869907,-0.06683951020162296
train_day_0101,train,0.9548528165987641,0.9711273357713286,0.9239851987140068,0.9453402675853174,51.152058126238444,17.54291408450184,49.63541476873678,848.9904085504872,24,85,0.500989188586389,-0.32935560393728386
train_day_0102,train,0.9604719679805817,0.9888470651975796,0.9081479134517881,0.953154563225161,50.255569633630465,15.497006297927001,54.92500552284374,924.0039801474283,15,64,0.32837602427370705,-0.4275758682140334
train_day_0103,train,0.93448335322805,0.9752024296026521,0.9197644210932563,0.9332030404830404,49.227179801318094,19.31000933626861,50.56410157146353,955.0587904531,18,70,0.44896638816153267,-0.31730372054685885
train_day_0104,train,0.9563428138670614,0.979052829319076,0.9510281856878681,0.8435702905362549,60.046957566729525,15.897825477285686,51.016617960967004,913.7868164601265,26,73,0.42512540430578233,-0.08211463425263744
train_day_0105,train,0.9534096090012878,0.9844238704920619,0.9410999786563656,0.8824277867908238,58.42728212876862,14.057292620556169,57.09380583161768,857.961159841128,18,65,0.459621207483974,-0.4373991830189727
train_day_0106,train,0.8363756184405547,0.9577767780554831,0.9572170207431819,0.9431638166322424,43.30833337277635,19.71038860581775,50.430021219434444,882.9636641011966,19,68,0.43877441874109235,-0.35968214272731
train_day_0107,train,0.9306006910344912,0.9680530292423369,0.960310585119969,0.9703445568671126,51.73248129713696,17.762652344393228,50.89849137392943,785.9473264147622,22,73,0.3729714289359704,-0.43866943624275
train_day_0108,train,0.963907241193561,0.9808247103026195,0.9253148263475716,0.895822386346714,52.1074805589919,17.646567809568314,53.96187948378861,825.8684953227472,21,91,0.5209615745307252,-0.18737026512722202
train_day_0109,train,0.9032894431877571,0.9706782711064286,0.9046764836128738,0.890815265398335,52.74829457420599,18.310394438949558,50.13251089102372,880.2167862351349,22,68,0.7173907303307241,-0.10522216541085672
train_day_0110,train,0.9373408957312915,0.969472045085714,0.9235856588114952,0.8810695818303997,54.97471545780172,20.496921761558923,52.54059065220789,867.9235923599166,18,61,0.5396745206684471,-0.35857363350408744
train_day_0111,train,0.9727242568602165,0.9725922682629934,0.9021505420423146,0.9588032907729642,53.337502194507664,18.978225080343794,54.71083220182201,915.7293472177683,21,64,0.5643063909498911,-0.034574748432765756
train_day_0112,train,0.9022894328575334,0.9705244860713748,0.9502525579658303,0.914934492944188,52.92832861750503,18.324470575256072,52.87075629764434,959.7547372424842,18,57,0.6393915087770324,-0.07733383707907636
train_day_0113,train,0.9162293749739971,0.9792211274499121,0.9181025720366073,0.9104715661010923,54.916431158867105,12.508428222583367,50.347786036409296,933.2913882895036,27,69,0.45877640807712206,-0.33684161554084563
train_day_0114,train,0.9073440660992377,0.9725167541887253,0.9649666913242014,0.9419843218048728,52.02332195779948,22.146024787692152,53.58183111665992,807.7517912363841,25,63,0.5415944639345852,-0.15324764572698732
train_day_0115,train,0.9244307963691616,0.9895382852380575,0.931764533335779,0.9083249436820818,55.51361457008238,16.1840780161978,49.96892219576012,953.2046019486069,23,64,0.6312704602277733,-0.25471194880630826
train_day_0116,train,0.850581295083705,0.9905751393497224,0.9552656167507749,0.9009294303376042,44.06248597627234,23.401167876009765,50.80577147868912,856.2892314236893,16,60,0.5479957851069052,-0.1053076318397384
train_day_0117,train,0.9571710498762293,0.990302622349447,0.8608324396204414,0.8896403771713521,48.159375199213684,24.033617560022503,52.97659491657888,866.5002299492835,17,70,0.5497210105861999,-0.2181344617786057
train_day_0118,train,0.9547879198109887,0.9297335277727682,0.9641168474046252,0.9545936288414755,52.21436690201286,14.905428162724817,54.53663965161596,971.5041161357622,22,78,0.5253058998830087,-0.22994607349983698
train_day_0119,train,0.9594947896145366,0.9669295046530549,0.9551029602829109,0.9250216744003511,56.18942364247405,20.221991576057434,56.82391455146174,878.3068958813925,16,67,0.4246132428967668,-0.4065913972569626
train_day_0120,train,0.8666924910806967,0.9865069519088567,0.969944017931701,0.9152678441900081,47.34773780964729,22.972928485205937,55.07649031630024,880.2613422897385,22,67,0.5392422586252653,-0.13568864901640376
train_day_0121,train,0.9482954166070767,0.9120623396975788,0.9461867876195688,0.9572021327423922,54.86493045195065,16.425320335202738,53.40109371674438,881.5572766523228,18,69,0.5957820518563355,-0.23818578392864545
train_day_0122,train,0.9607785906075008,0.9810846071505936,0.9425557052789121,0.9438128813474395,52.62238128501804,28.369938873491076,54.48269407904761,949.6999631078634,33,98,0.5953816249967672,-0.23584720801877174
train_day_0123,train,0.9423019552472254,0.9836389609153191,0.970403212773404,0.944389792064611,54.55301286057297,21.871801659635043,55.230165386558184,815.7702025334678,21,84,0.5221892775923009,-0.31050497940255695
train_day_0124,train,0.959424699412624,0.9421581917749212,0.9234226029898587,0.9305612958747155,48.95716458123155,18.584048228705296,56.06846289936282,894.4297338384416,17,58,0.6034558668484512,-0.1918133401620926
train_day_0125,train,0.914921135107576,0.9864926065161109,0.918448273652673,0.8602503207475125,51.23537864771826,17.99285272985563,58.39445167152447,935.2764586018143,26,75,0.5319412710535739,-0.17079063332117989
train_day_0126,train,0.93175532614336,0.9792564434443373,0.9118424709667907,0.9108929038619444,46.62436421229512,25.572408581890556,49.535524327338656,837.2729653926712,26,79,0.46797609383473243,-0.19316990803660722
train_day_0127,train,0.921523985305947,0.9859075301155336,0.9430482518974377,0.8986716107972352,45.541791229964154,22.7974742813291,55.71705512548933,805.569386346258,18,82,0.5109181672721296,-0.21678868056439224
train_day_0128,train,0.9018248166936422,0.9827710244495158,0.9337125581117555,0.8729379149626634,48.29142243186215,14.446066211302657,52.16079401962846,786.590884869552,20,80,0.30119107685154284,-0.2977281597486292
train_day_0129,train,0.9612293254713348,0.9427019410425752,0.9423592239927954,0.9325865825306733,53.04523828225765,23.567524337570273,50.87971513393063,812.2513207782396,27,70,0.590441587824967,-0.23462213591465597
train_day_0130,train,0.941648638039827,0.9710563245495214,0.8659128249157508,0.9454887364078836,55.56935707707067,19.566723460254863,51.87227565746898,914.6091847177025,20,102,0.41928543670419993,-0.1608903584205219
train_day_0131,train,0.9115242532052954,0.9866828748482145,0.9498249607543979,0.9357412513755788,53.24320217524498,22.06746943496479,49.63035915197497,796.7239287610513,18,59,0.4853703841378311,-0.23132842849873492
train_day_0132,train,0.9480632217010819,0.9684320238756695,0.9717432125645836,0.9582544435003583,54.65527790290212,23.064474434763753,54.81341959092504,951.4777928568357,25,72,0.582845516592817,-0.28720370366022935
train_day_0133,train,0.8994529028304644,0.9850135234855328,0.8897692115032587,0.9217515056677159,51.57440282429519,21.632366545975923,49.22307915800484,945.1402642086099,23,66,0.17883320159545738,-0.2129737168343685
train_day_0134,train,0.9203649851873437,0.9582570930362054,0.9534368611748825,0.9443452991622332,56.31008110273552,18.33246568386053,50.73953831729988,859.2298040895175,17,65,0.6217796407421013,-0.10260158616167528
train_day_0135,train,0.9526349682190982,0.9052574950687619,0.9050279514737058,0.9037280324949909,53.87114153041705,17.872276773212377,58.94889705818975,867.4782234639164,18,70,0.43535572856401766,-0.38434422981999117
train_day_0136,train,0.9166918729388525,0.9485784323843618,0.9374522456507136,0.8480267355834249,58.21437922209649,14.605412381150884,53.57594604228185,827.5366399027188,15,61,0.5650071847981603,-0.08218477263209316
train_day_0137,train,0.9576460315077141,0.9826274223202979,0.9060494477737653,0.9476669231867766,53.99050881671277,19.363087385731784,53.85334962795341,861.3085558512021,19,64,0.7638077370705939,-0.1662691766368369
train_day_0138,train,0.9418942125660794,0.9740604766727529,0.9576518064654042,0.8939158332733549,57.363391724216136,20.092509073840915,47.586264361011075,752.0463682150657,20,95,0.4589623075937411,-0.2797488216192993
train_day_0139,train,0.9277946025642003,0.9098937690955193,0.951720887464087,0.9537570826844297,55.32279052061808,11.43067619647958,52.77791032249983,954.9749643510459,23,66,0.5916169796385802,-0.21059296127452495
train_day_0140,train,0.9413264277404839,0.9638368266047742,0.9481438349598986,0.9440021648163888,49.21770775340254,15.405294302679527,49.00764902613769,878.0596386581686,23,76,0.5209391025562815,-0.26335875736733516
train_day_0141,train,0.8890526204648505,0.9607313567939794,0.928270310075828,0.9542667458615959,58.36416381967154,22.842851465367698,57.928906281468294,826.708765394451,27,72,0.5656778421792631,-0.2432622892796431
train_day_0142,train,0.9699785056180633,0.97824214118835,0.9359066978508103,0.883070983366894,59.289947505600274,18.02474959794978,54.93924257584655,894.6936092906636,33,78,0.678293028363555,-0.1766529578837308
train_day_0143,train,0.8413369148038474,0.9818074883049407,0.89589396160103,0.9021950174863453,49.36040557460973,14.499671980582297,49.510822305385915,771.2865405824667,24,84,0.5465624858264757,-0.17463226346956226
train_day_0144,train,0.940347353007791,0.969762151313977,0.909457729941596,0.9449348329335941,59.869242091611035,16.563199674094303,58.299689665886824,895.4955931435384,22,77,0.5081999469799291,-0.31229837075221933
train_day_0145,train,0.8858635260282701,0.9357194832550728,0.9524089005158812,0.8993780135516073,46.03161792960697,17.247068501127377,52.69792515580056,858.0268432150036,28,89,0.5395704680778343,-0.16256978559641305
train_day_0146,train,0.9459659091657888,0.9554229435477749,0.8404189152750472,0.8789110768071176,56.0482464535602,18.634184460896723,47.291623308485335,769.1777491915631,22,89,0.29565888486969233,-0.4153428097566605
train_day_0147,train,0.9411224092093251,0.9636829958958062,0.9515693556755935,0.9484357054865453,55.13460945285855,19.84034722247209,58.168214527358174,956.6492019452722,23,60,0.5059570332508501,-0.3715639390786101
train_day_0148,train,0.9152972563708618,0.9861052507364095,0.9538508966292479,0.9282223700424128,47.90297230421688,22.917706877555258,56.08854090423538,959.3684725286506,23,65,0.5386769565880059,-0.28995229912760706
train_day_0149,train,0.9091384600650573,0.9726431982744983,0.9510333662946707,0.936862971150601,53.73736519010392,26.03341937400032,50.86270909954749,827.0708857593467,22,77,0.4915043518104794,-0.29998116606566244
train_day_0150,train,0.8438920339413117,0.9814986383801898,0.9046979454090223,0.9073885227466785,47.614830211044115,23.64544168751266,51.679213512098194,852.7724208394128,21,81,0.5542544574111595,-0.025725619603991026
train_day_0151,train,0.9484659686717775,0.9704637387072071,0.903524169650138,0.8648084895368167,56.006083434903324,20.748148079563848,50.17766235175694,792.8728376833178,20,69,0.6961781434006997,-0.18689505952020927
train_day_0152,train,0.9572107193110093,0.9540794745052296,0.8988349633255255,0.9444018121872663,60.71672420232511,15.463724898045493,51.710654861541094,809.8902799293058,24,70,0.584437736507137,-0.24125802835134408
train_day_0153,train,0.8918611640549579,0.9787438557707869,0.9484563028642281,0.948344955107125,43.480048343044565,19.270794639723693,57.60447960770145,933.6411623901568,18,75,0.4764302100336273,-0.3153242104867835
train_day_0154,train,0.9264242351819478,0.9845176205258345,0.9227883746707889,0.9633341330239729,45.88071511666622,19.877099666592844,55.10331298898325,826.1582216835145,22,75,0.456713445999649,-0.18935947065228834
train_day_0155,train,0.9555631295717105,0.981096868112665,0.9476722806532072,0.9538472273402723,52.353726983485274,20.98085348154204,56.52465368656353,918.3006257960975,16,75,0.5683611862480134,-0.43150735639368215
train_day_0156,train,0.9294499821953939,0.9378181279445544,0.9440788175161183,0.9403900769016402,58.93665811550729,19.199933630141533,55.30760642135285,898.634905709347,22,78,0.32398850724371925,-0.47330236669736653
train_day_0157,train,0.9517862059733618,0.9170369400468605,0.954896853110326,0.9036488194628204,60.17265113929057,12.306478327922427,55.073385943170024,907.555187233009,22,67,0.519205247186562,-0.33697785469915026
train_day_0158,train,0.9450613849264827,0.9669145305917801,0.9665409695819751,0.878258178567342,53.8694252871722,20.15722718874125,52.00483854862449,823.5257215756029,20,83,0.5425918139444867,-0.043894325751502275
train_day_0159,train,0.9515115997452224,0.9779900010973303,0.891453945247961,0.9167127104240306,52.15705745300693,18.582039396299532,55.07313660203275,808.520125629408,22,82,0.665673096197025,-0.2699946610365233
train_day_0160,train,0.9137873401272432,0.9808632564820357,0.9350473653772148,0.8637863252086204,58.26800821694969,16.384188381918943,51.06228272321126,809.2051804592666,24,62,0.5346128475918939,-0.053402575561909076
train_day_0161,train,0.9398581615334244,0.9525206772816711,0.8980629376912554,0.9440472311418977,52.30224521840168,17.290028631616376,51.13881268803079,934.1859656221153,27,62,0.4136713914588098,-0.31542877684589876
train_day_0162,train,0.9358721453822534,0.9692317224763786,0.948478533386425,0.9416950317309397,52.79895320043187,24.108171083923924,54.69733021252531,943.524245448032,21,72,0.48027252624306543,-0.16910794140676144
train_day_0163,train,0.9533555294117763,0.9918138173485292,0.9410008782514689,0.9648570415777131,51.67183030549083,17.233866805191614,47.660902211648875,808.8079704186054,24,89,0.5403867168167691,-0.35486796624115896
train_day_0164,train,0.9563105298651562,0.9807402208641476,0.9178078662326921,0.8611811649091365,56.708085704839355,21.605652187435027,53.30037429243248,845.3682994070768,27,75,0.5140364382527718,-0.3118110321399832
train_day_0165,train,0.9434565546164313,0.9371550174839294,0.9362457911842837,0.9358891751492124,55.58682291331809,16.33499602520361,51.91085042497005,923.6813558356326,17,74,0.42911929446966546,-0.3129230843937725
train_day_0166,train,0.9528997407310384,0.9702199584083939,0.933495423340958,0.8887595360928721,54.59782731167062,21.91879896291789,54.61994940164916,879.9174030749385,30,85,0.617228428817337,-0.21526107416070644
train_day_0167,train,0.9402414303907287,0.9801038819610046,0.9101596345824182,0.9599502081371067,43.865247351743086,21.599759609276493,50.98036741191077,960.9804958028653,18,65,0.43215731438421284,-0.41366978423771655
train_day_0168,train,0.9293422424035483,0.962951331830904,0.935517655696599,0.9384103692131955,43.415682212684395,22.66586118461591,47.351457364186025,872.6436248356827,20,69,0.3314396515325535,-0.20921952412086567
train_day_0169,train,0.935904218256774,0.9491590457890403,0.9064799143585114,0.8896436519545753,52.18094243496595,24.202952971688863,52.93555593505624,879.7216140090019,18,60,0.493911906070986,-0.0237520481176129
train_day_0170,train,0.8765368084340381,0.9746229181076856,0.8916856355819103,0.9430408316466379,46.990099249648985,27.817796371540158,55.528590047438534,904.5640459173552,22,80,0.4984583599514289,-0.3281124517286184
train_day_0171,train,0.9516989113998732,0.9897305139213065,0.8830557741743053,0.9355996085869317,55.742537839423825,15.507068936567151,52.2237683322252,941.3610483967491,25,81,0.5027440539974293,-0.2566651351132592
train_day_0172,train,0.9006535832245425,0.9879818535044614,0.9501055583691171,0.9183755273718136,53.9553183583462,17.42143301453162,55.26644655359172,887.0359798158862,23,73,0.5749356819543378,-0.15150597180801434
train_day_0173,train,0.9248499157083816,0.9751412119373322,0.9304128045034036,0.9581299468281999,57.17504679323384,16.594278272155744,48.370392528903814,800.0791116408333,21,88,0.3897129292083434,-0.36555699865486796
train_day_0174,train,0.9435427395365314,0.9859522552919897,0.9452317666135158,0.8996606952314214,60.82989563529159,17.66564282647413,54.42054193355677,814.6800703246395,32,100,0.63009997529185,-0.1481767552921972
train_day_0175,train,0.9584126458680263,0.9805574591023742,0.9340973843216587,0.8888532100850527,59.41246389959296,16.813993003977558,54.541057637129775,835.4318727947644,20,66,0.5570726435951048,-0.3032201503390832
train_day_0176,train,0.9598385643530257,0.963340574646787,0.9227292958750206,0.9266038413305167,53.30225377872318,19.83785666423513,53.99155854883927,953.4183765668098,23,61,0.6701534037342348,-0.10112663314525888
train_day_0177,train,0.9036197747624227,0.974270977597206,0.9155939375442821,0.8959029446981762,53.29627397037808,17.189261900794218,57.18316199472421,981.7497356519075,23,82,0.5837237655965264,0.03365234727989646
train_day_0178,train,0.9156034778356048,0.9618115942186076,0.9202045519990434,0.9620236772100712,58.59984809689568,19.96731104937514,52.00811303756461,804.2902540103038,17,62,0.5822296963989781,-0.18599596681080696
train_day_0179,train,0.941709159649957,0.9810978003591411,0.9618635381931007,0.9405533806110656,53.14597788609026,18.262622655547176,56.27095248170389,864.2479720597024,19,82,0.5940607738435312,-0.19104092821506347
train_day_0180,train,0.8787938196204024,0.9551994788163676,0.9409490875536017,0.8815393155349853,47.828448793139195,15.165902209734574,58.15998663925692,917.9471927685996,23,72,0.5544249810055892,-0.3482357473897152
train_day_0181,train,0.8902974562699663,0.9536102294506386,0.889350548279131,0.95050952493086,46.531847068085504,23.92890128470602,55.041021107214476,969.8906848001426,22,72,0.6710673524342984,-0.11568077677973486
train_day_0182,train,0.9595964386351524,0.9776509572761706,0.9338867121623384,0.8913771031706313,53.755197592480336,23.23019421697016,55.956822743483656,893.6627146983292,19,66,0.4905655605603638,-0.27291297097901807
train_day_0183,train,0.9547455141194768,0.960665218248931,0.8964638828171679,0.8816666722839165,58.535519715791686,18.76040461506953,53.36844761420057,833.4185783080466,25,79,0.49351928105631504,-0.13218471382359387
train_day_0184,train,0.9227326058569328,0.9003277325001913,0.9454659256244785,0.8541587276161144,52.608496332248116,15.951513523934826,57.15182678124427,984.0931014061601,22,69,0.45413676848396195,-0.31793100381722456
train_day_0185,train,0.9551010974406456,0.9663429499134941,0.9383881589408949,0.9341991269345524,54.700464689436615,22.977913968233093,53.47968333188015,911.5569604791277,18,61,0.5636014756061076,-0.2135447612139116
train_day_0186,train,0.9138912122029605,0.9770935391168598,0.8895472664727834,0.8925516746872969,59.343012359965115,18.059761827472123,54.571156267996265,883.1035865045791,18,70,0.5354972524865557,-0.08213020146306906
train_day_0187,train,0.930046615372434,0.9526248838710062,0.9531570625195964,0.951097342511744,49.33204429583814,18.188975519717943,50.49995093804396,915.6852818895741,30,79,0.49039702270260116,-0.35018941882536364
train_day_0188,train,0.9249351773570275,0.9590394604558212,0.898376232578478,0.8451242797502314,54.674116944935044,16.381314220355765,54.77174216054461,793.2001372837173,33,86,0.5482062320994879,-0.268105520021663
train_day_0189,train,0.9363106289964465,0.9801731546566863,0.881050521655351,0.9358700822067764,52.09803005329875,17.254456302539676,50.609438374720845,826.0179879559528,23,82,0.38336757193730786,-0.46346966686967694
train_day_0190,train,0.9309820092055242,0.9151547505803521,0.8800449073070584,0.9389438927977705,50.1559584305312,17.831978504457325,49.987903642770995,904.7777383219496,26,70,0.5009434315055055,-0.33878567027500434
train_day_0191,train,0.9659262025010343,0.9725511611815956,0.9113782086219959,0.9058254346065885,57.84020980292879,17.301179323759506,59.34995806771125,842.3656554419537,22,80,0.6005645744819827,-0.03430817408932997
train_day_0192,train,0.9110021054571755,0.9677004535188428,0.9395626820929045,0.9474616439942162,49.977384306416944,13.864041826641946,56.422374413416605,904.2719634603236,21,68,0.47666041367472567,-0.10794537171007626
train_day_0193,train,0.9613495245871733,0.9763995961460848,0.9116386574852716,0.9383446014411345,51.60925149105501,13.514323100985095,56.57626033832642,896.6562965088392,18,68,0.5285064691364324,-0.24122199270352254
train_day_0194,train,0.9632331031123708,0.9662619291893901,0.9500815593966249,0.9480922737011308,55.73194726721027,15.222508603377596,49.903076852240055,936.6726003669919,19,61,0.4939748611150965,-0.35115633508396465
train_day_0195,train,0.9115409876294442,0.9187259965214843,0.9581614184422957,0.9229204487593795,51.9601726145448,16.217801357077114,51.06385919672069,880.8411225329577,17,72,0.677593711359995,0.1038428238795546
train_day_0196,train,0.9465190385897836,0.9811382432564374,0.91406806945676,0.9091325489708232,55.1210717369481,15.531988079220133,57.121038749996195,981.0305490233897,24,78,0.32725854136235555,-0.37618445640248827
train_day_0197,train,0.9393985170892756,0.9447985959955969,0.9242296759642329,0.8721224333885539,44.38685231989182,19.663745938132195,50.57426779147957,814.2110926957886,33,79,0.3980140903834456,-0.07573593335088846
train_day_0198,train,0.9057119227445567,0.9795965189086786,0.8718309736169164,0.8955635422627396,51.351683393903215,25.702887918883665,49.89517590925061,878.5676117170971,20,67,0.575640652655751,-0.3466860863940021
train_day_0199,train,0.9065095939587776,0.9827475703493106,0.8635549528541588,0.9565170266562896,56.93991181222742,13.27175445641751,49.994408843348175,873.9814323662144,21,70,0.6516512528891764,-0.22207530128434305
train_day_0200,train,0.9620900076297753,0.9840048327946668,0.8904527489461642,0.9420012519124638,58.73213639092762,19.016283082276612,55.594603293173456,831.5877764248871,32,95,0.5495563478126301,-0.3163848246273901
train_day_0201,train,0.8988548495516011,0.974237806273487,0.9430088611554035,0.9509492895434956,47.270286400510315,19.600519500661907,58.86306228739401,927.9665356955342,18,74,0.5128232922485904,-0.0530483193621197
train_day_0202,train,0.967816258883283,0.9816481836806825,0.9146648984189688,0.8976607446447863,58.74983673692039,13.423118051596587,50.46001366238803,908.9150679077992,17,73,0.478988346074193,-0.18454823964708772
train_day_0203,train,0.9598235067635279,0.9940806726857505,0.9385703062754593,0.9665383280437674,59.475026840399444,15.919886690339425,52.11048858973036,832.943133928878,23,62,0.22597419837910288,-0.6372887591523126
train_day_0204,train,0.9314269244682847,0.9745581281620082,0.9389644437485255,0.8984617982501353,52.86112670486249,22.46532278411625,52.696648658018,908.285113463273,19,76,0.677265392219667,0.02028490993412202
train_day_0205,train,0.96863587137248,0.9750543500935775,0.9567598310235764,0.914144501830682,52.94331580806562,25.676985370012858,50.999038003278564,938.0369003219826,25,67,0.7026119648422812,0.1152454750696627
train_day_0206,train,0.9329461322751047,0.9748937712314484,0.9067154119678564,0.9441527730206596,52.18110226544929,15.708532789851752,52.74235863432258,929.6015308597706,25,90,0.6375833391894633,-0.05179728221213299
train_day_0207,train,0.9366104803441955,0.9595639219863769,0.8746954515916248,0.8621047346954074,61.84763110568472,17.808967607415862,53.995565664496816,916.9273424878969,24,76,0.4072100945301578,-0.35292964149644984
train_day_0208,train,0.8991782710685712,0.9653173815324072,0.9407241615865866,0.9164185047732736,47.03302391816305,19.34798142776854,57.09689005947384,931.8523532074372,17,79,0.606139359628135,-0.056270135889138144
train_day_0209,train,0.9456571515293337,0.9335694228551773,0.9199892779865739,0.9256855960831787,52.66094071246979,15.803093168230177,54.29404017669344,903.8507095164091,16,66,0.46072495535346103,-0.23228748017791667
train_day_0210,train,0.9056787814008707,0.9675615345118239,0.9308493291393748,0.9199678465415423,53.57806294114732,19.31273156093624,58.31050066245206,849.7081113561047,23,65,0.41172201538347497,-0.20025265876766965
train_day_0211,train,0.9304375810289336,0.9143653010874717,0.8738922134950886,0.9547294050327337,46.30720963893043,21.45249881666844,52.396030632126475,891.281984806416,22,67,0.5375709428838769,-0.22076428121662914
train_day_0212,train,0.9625392657414527,0.9566924935087501,0.931703336341772,0.9388701953867716,57.400439284487504,19.065984868011473,53.032056201604604,808.7018253286155,19,69,0.5437362454497672,-0.14175008611596654
train_day_0213,train,0.9296610643108085,0.9841285500109099,0.9120908702909026,0.9283913873266765,46.398278565365395,17.03659175725123,54.7990640775503,949.1370764169855,17,69,0.4388338240337411,-0.1739189058416629
train_day_0214,train,0.9292078604168813,0.9829619729662437,0.9263413879612209,0.9262756289293266,50.18907779658059,17.938321524095212,52.414885756699015,817.6791350594791,22,79,0.5978217135347069,-0.2569788089967238
train_day_0215,train,0.9525501620649398,0.9834364827074183,0.8915143215599822,0.8815043455521072,58.054906031668,14.954987332194378,56.53979402597338,965.6277093880595,17,67,0.5927383500703225,-0.25848676645775903
train_day_0216,train,0.9518355529198084,0.9747061935585447,0.8703729058068365,0.9546922859019045,46.32578839235737,19.0412117254225,47.49070441800717,756.3388758831534,25,82,0.39220809151497793,-0.25349016985183964
train_day_0217,train,0.9197910158556306,0.972699893415957,0.9675967501336475,0.9275659328735941,55.47989105018266,19.7483479025737,56.70678939394668,902.7256502199158,19,83,0.667660132353827,-0.04014456765433573
train_day_0218,train,0.9131744564133836,0.9774959981845798,0.8990353909916969,0.9278936997777069,54.305438779675946,15.849974731881574,55.98347724062423,977.2183218018403,28,93,0.48174536392034767,-0.2909425779927587
train_day_0219,train,0.854088394114111,0.9816478479682328,0.9196135932995589,0.9190019943200595,47.44157517678628,21.043910740700962,52.708734277762545,775.520271828084,22,76,0.621255179877656,-0.028522766340425727
train_day_0220,train,0.9504117659989603,0.946033792933423,0.8992210125420892,0.9198553347089707,50.33252805869457,19.480369892125506,51.49607224488847,871.9757839582508,19,74,0.5881671412801618,-0.215425928949042
train_day_0221,train,0.9400916188777861,0.9687708361669738,0.9463698983451488,0.947662188045187,46.44899688228667,16.273591553658083,51.63951025205774,811.0888241741732,24,76,0.4891612402475835,-0.2599556128851664
train_day_0222,train,0.9326926484298986,0.966183767710401,0.8758026510888263,0.946532081184514,52.380908923743185,19.064199522914603,49.693413740675794,860.6489758570833,22,81,0.47292095944360113,-0.2886916306007348
train_day_0223,train,0.9278259258369586,0.9531128443683072,0.9505058029747042,0.9575659706900621,43.27532834158172,23.416867657454635,53.412130907613566,940.3035065652421,19,65,0.5640455358235575,-0.14963797537208323
train_day_0224,train,0.9278456540006498,0.9684702092510317,0.9492881956322182,0.9290940420642891,59.998341640440934,12.947635791158172,49.34180740211381,956.8802821214477,22,74,0.5451470683214167,-0.06893029204936828
train_day_0225,train,0.9424637135165087,0.8740423833448114,0.8893987380230457,0.9280077154373424,56.61440166777837,16.547434520303764,55.99386972481937,956.6506422255067,24,88,0.6428176964126316,-0.17262514299323334
train_day_0226,train,0.9219119567425902,0.9722851920045172,0.9387900735485365,0.9257446618708335,51.0068345327885,21.77094242549408,57.71853972591058,882.2758301925918,20,77,0.4486136512836024,-0.22542290462300638
train_day_0227,train,0.9541717453948549,0.9637663782769341,0.9092974755323882,0.9077236128623528,48.128195229141454,19.038631142827082,52.41436324238964,869.635046552305,19,89,0.4931090568902387,-0.10778969491077992
train_day_0228,train,0.9698494477346505,0.9750944620871331,0.8645108440205989,0.9448528764038296,53.73423282368586,21.120575388630247,49.69342651784768,863.5377113508738,19,63,0.4427506211271273,-0.2683879400642759
train_day_0229,train,0.9545860871728834,0.9620408389579727,0.924572409630099,0.9638908590971343,57.92044678038735,14.274379581311143,54.027588499426486,829.6274958932976,26,74,0.43166620677722956,-0.3364139458034265
train_day_0230,train,0.9629329909725135,0.9203786811620658,0.9439477736755127,0.9416183567388585,55.00367121973829,15.049892936610036,58.96104365325277,846.004096083343,16,64,0.412509186691697,-0.25426895713973174
train_day_0231,train,0.9269873571161266,0.9864295645336596,0.9246626117686243,0.8988205526665679,48.595543906590194,12.98885652058747,50.586282092224195,944.0306642698624,19,70,0.4995848825810011,-0.12544964481587098
train_day_0232,train,0.904013915892385,0.8717693392930181,0.9217044928290405,0.9559061328471282,47.32195653869345,18.698804883009437,52.6042863403781,874.7678388999602,16,63,0.7229449057415245,-0.01783639039107577
train_day_0233,train,0.9718834546442823,0.9660856679848991,0.8779127519384696,0.9542849296697207,50.555523965335816,18.018950039480476,55.15451411968436,976.3500768998732,20,58,0.4636126946334007,-0.32540455281372055
train_day_0234,train,0.9340112410547312,0.9815687250560146,0.9044562789843755,0.8708658969406552,59.43107799708671,15.21931187969786,49.08982284593882,889.2865390006999,16,69,0.5033586809452919,-0.14287519866950804
train_day_0235,train,0.959449464951288,0.9768554547872781,0.8535132714204394,0.8603552275327552,53.42564429415552,18.364676075245203,49.68714389807227,855.5150700615621,25,70,0.4787392091412724,-0.2777647124774739
train_day_0236,train,0.909436042963949,0.977653813157882,0.922104841242953,0.9546491494734481,51.97413098487069,20.53317388931156,55.996469159246885,926.241417680903,20,75,0.6382923982632226,-0.149947261057302
train_day_0237,train,0.9284603933035794,0.9884007479291645,0.9338448977620323,0.868211801238795,54.664704264918896,22.852072176007407,50.31783768385674,760.6049032960503,24,86,0.4855413018951655,-0.26800564114528
train_day_0238,train,0.9623732799700522,0.9512357754471584,0.9274502571369414,0.9570995634787791,52.54200673913096,18.018518965577854,51.97765050575186,834.1590632227189,20,84,0.566420005036271,-0.25853973964465254
train_day_0239,train,0.8375775307454761,0.9496286079881849,0.952385588786298,0.9033908292165935,48.83739279706137,17.020863773896767,48.170002365746534,853.2379367716076,21,70,0.5470810065685643,-0.06836799013861015
train_day_0240,train,0.9298000477455854,0.9268573565959797,0.9242485050268607,0.8586520337386124,49.36150218566801,16.390055257036337,51.025412193039664,862.7423859154957,24,86,0.6527612472929898,-0.021965610927255616
train_day_0241,train,0.9753666578243805,0.9939462832993905,0.9375030057214467,0.8708436598773802,55.99115728802565,18.31549683120372,57.15266936578555,823.0860894197746,20,64,0.3783597747951583,-0.17757549733112388
train_day_0242,train,0.9160967021998234,0.9752827204627129,0.9602338510066143,0.9150760482053336,49.19102181856517,20.036607248331038,51.722778433911834,903.8177420493151,21,71,0.4967322348787504,-0.34881924228006017
train_day_0243,train,0.9390415728180587,0.968815532671119,0.9298845974155725,0.9404496025417273,56.00055767164624,20.166314530887387,54.37712491420823,938.6145150141997,19,78,0.1964159037009643,-0.3817746017712069
train_day_0244,train,0.9656199794288911,0.9682089090233204,0.8940725368719626,0.8687661358850288,55.26791439941312,15.755173888659499,48.09780344957188,906.7651175998853,24,83,0.5812300233557891,-0.09762297004023344
train_day_0245,train,0.9637164213084066,0.9881314855861287,0.9345925319898053,0.952966665232298,59.965135301588326,15.767603482174836,55.131169006742596,946.3463398383977,23,78,0.5845071877335075,-0.2602799327633982
train_day_0246,train,0.9359474644651176,0.9850788312545552,0.9330707492158613,0.9461617460860338,52.38129198490816,20.919873876850136,53.67528621037547,797.0719703167659,21,80,0.5404086060610539,-0.3476192641256296
train_day_0247,train,0.9085740415972203,0.9769044153437721,0.928271473386036,0.9416256144293463,49.96720929959785,20.02561766883485,47.35830266765117,759.9745161933773,27,77,0.6245371137651736,-0.2172594419472058
train_day_0248,train,0.9365228310234435,0.9816604874555598,0.9437621262028506,0.9362538909670025,49.648730961608415,20.933668803000973,49.885605281573085,908.5487374224335,22,65,0.6978055691500535,-0.035271810789026754
train_day_0249,train,0.9161892563580969,0.9643525783190532,0.9604491892019957,0.9450324871593795,57.12225668065046,22.969896833162704,51.23805444081777,900.9708208154449,25,89,0.5328047732572038,-0.18671617074366478
train_day_0250,train,0.9570311542874296,0.9748537205026345,0.9267941294939573,0.822861255321014,46.89792668432771,21.117568310099315,52.738109327728445,785.9281155746285,20,84,0.6093821383544353,-0.04220313607156855
train_day_0251,train,0.9208641948338062,0.9931792613878114,0.8803456335440306,0.8611443861332433,59.06731316735965,18.857472916087076,47.209366736564995,789.2754568946328,23,82,0.6234953506631183,-0.24857105166353355
train_day_0252,train,0.9313901524705549,0.9711526752752865,0.9445124805323006,0.960745814479347,52.18383088697482,22.388942533090585,49.726011644837826,942.9885981399253,19,67,0.5858113130106896,-0.2814272605356468
train_day_0253,train,0.9602192060661859,0.9827458998885809,0.9107159682439592,0.9224370660112028,53.58090513598862,21.231082323479143,53.02683463722286,936.1654081342648,22,76,0.5706963570410222,-0.1680586541872006
train_day_0254,train,0.9486981927437559,0.9888634120241783,0.9531513091723861,0.8853808252291929,53.76525265498264,20.571071013560914,57.01855714706985,892.4075329803089,25,89,0.5086108806417378,-0.07408744879944484
train_day_0255,train,0.9157885966454844,0.9822843993068545,0.9371219770627128,0.9126821434466015,53.35428407797408,15.444912369027705,51.76422393068833,844.2919652395855,20,65,0.635886324041657,-0.20207850925040446
train_day_0256,train,0.8942549667495296,0.9682902896710555,0.9433444495143837,0.9129534632877511,49.30032165516915,15.502632753524319,52.40717528778194,939.0471878705038,21,57,0.43893472370340814,-0.1867370770618438
train_day_0257,train,0.9212922760753901,0.9495561959093333,0.9193654871933774,0.8550489167488257,46.332615110066094,21.34182823521324,52.880325265550375,917.7040951850582,20,75,0.6891938870338754,0.1177195175648306
train_day_0258,train,0.8765495420498579,0.979419502725939,0.9555522245783973,0.8694828578974827,53.942765521944374,21.735218086936595,58.10279817807436,958.8807361656678,19,56,0.6374261429809306,-0.008031250168470902
train_day_0259,train,0.9178036222619216,0.962317125312729,0.9390973253912209,0.9490138962461011,50.872335693678,23.768498396788306,55.639385992488855,927.077180083065,14,64,0.5652396987798071,-0.170457451010261
train_day_0260,train,0.9278014779205861,0.973405708863185,0.963965832896039,0.9451736499277167,56.919637128939485,16.118744883426373,49.161758386977986,892.6306947153938,25,76,0.4054477782874704,-0.2596212573618242
train_day_0261,train,0.9521860846754675,0.9491497901077528,0.9255095469012976,0.8617907705623321,52.377663717066866,15.259932617125264,54.757832736067094,879.9992065027259,26,65,0.641395163078987,-0.024862097379174195
train_day_0262,train,0.8758307397297231,0.9787811207265122,0.94663169492494,0.9112929734567167,54.031419514708894,20.303526728946622,50.69380321053753,827.1043539115727,17,56,0.39234257501710257,-0.2985539206126663
train_day_0263,train,0.9533331988093033,0.9848519689651215,0.9539491768412037,0.9136853149659797,53.833695856801874,21.656839266605513,55.6560641333809,854.013496424736,21,73,0.5352248268607225,-0.08497287688801669
train_day_0264,train,0.9690294164702917,0.9834841692031863,0.9178659271311252,0.8391523835826213,49.2582458565008,16.917028229132445,51.12237436052899,949.3260600594576,22,70,0.7419559358257813,-0.018359591907594855
train_day_0265,train,0.9640264356196633,0.9645076278907291,0.9154519574120138,0.8512675953787036,56.458131303905624,23.158401390726414,53.331172788848,894.5600945820025,21,87,0.5600923784399683,0.0465558883925886
train_day_0266,train,0.9471808748420224,0.9653694165108465,0.9320389371494451,0.9363845916139407,49.23969498991454,18.173765947765318,49.43029649877409,916.9295240356005,24,109,0.2991682873525766,-0.2739495385475838
train_day_0267,train,0.9415153653081431,0.9854769952776764,0.9351427855504221,0.9246510693469665,50.44874077641896,20.398737371111153,50.135561921702994,831.0525386811804,21,82,0.5746057345092754,-0.21602362171131048
train_day_0268,train,0.9290559108318902,0.9818608064486013,0.9530176967666988,0.929187797066784,56.215798643395296,19.586711723648566,57.17561471816979,852.2219315338629,17,72,0.47008531842891016,-0.1823202415704304
train_day_0269,train,0.921086002754212,0.9866526730820717,0.9594451780406309,0.9672296582511768,55.10033898900102,25.285131629917732,53.148722453005234,866.5515072590929,19,63,0.6868721624273857,-0.17188953288531772
train_day_0270,train,0.9694206112181569,0.929391163057588,0.927904851782112,0.8821473669397898,55.48366318182383,17.49154676288907,53.36461694982679,921.0980936346699,24,66,0.5477169374263445,-0.31284837921269765
train_day_0271,train,0.9476185833983842,0.9649748232424151,0.8953046814825757,0.9139598095173985,55.065343173895194,16.595032822265296,49.39311895323027,886.2766830677234,24,83,0.43667381982840664,-0.2789511856752425
train_day_0272,train,0.9388815509684655,0.9349263407150622,0.9274320894933149,0.9164808024022651,49.74257450989261,17.280656088986195,56.2712758416684,878.0903219739565,17,73,0.5832176387677651,-0.19805632261394795
train_day_0273,train,0.9507668751832142,0.9740653604526147,0.9345350534357856,0.917370747431112,57.35285662569013,16.892224775674787,51.33686980741374,899.2331347262558,22,90,0.563972537149607,-0.15421947663088448
train_day_0274,train,0.9607798569718077,0.9776290254662608,0.9635714805834729,0.9270141456894215,57.535168815731176,16.056641714001596,57.07662608515137,894.2087788007202,23,64,0.5114665527616439,-0.21553162723181174
train_day_0275,train,0.8526846520468511,0.9815304202709796,0.9631695446115205,0.8884382588520043,43.27173961477646,22.144399496767907,56.41548662192209,902.2146368169864,23,74,0.5640272411884446,-0.0987225212512996
train_day_0276,train,0.9086439283604892,0.9206580126848851,0.9135508503189561,0.9024326750474918,54.40992417498918,18.52721996477646,49.524529126325284,941.0817949758117,20,69,0.4546951810079953,-0.29880989472056485
train_day_0277,train,0.9572534273295741,0.9830288960069539,0.8486671700448127,0.9229320156985458,58.17237481268944,19.87341930076782,49.873853960262245,848.1517092354869,20,84,0.606227521505576,-0.16453614370337563
train_day_0278,train,0.8829666225496426,0.9911747957307739,0.9511854328844033,0.9439715776321271,48.57440892141803,23.35423364210328,54.44510207985356,870.0419402322805,21,64,0.6440471575458347,-0.16335805680451493
train_day_0279,train,0.9443970097771486,0.9520538131362353,0.884391131569336,0.904837702243589,49.47073099040597,15.339773661630366,52.531994378646964,837.720850827006,14,66,0.6218458034984933,-0.17984241648975824
train_day_0280,train,0.939814834381305,0.9960482281857999,0.918162191447849,0.915592757656494,59.843168554286855,21.26126249644266,50.74814472011828,845.920745000801,21,72,0.4601768865472069,-0.3048348267781563
train_day_0281,train,0.9509433495259244,0.9854963093152098,0.9641371867896877,0.8996617111209116,53.259478152374335,20.013303481031613,57.14610349258333,826.6843688419627,20,82,0.6922203943671288,0.055748104237452765
train_day_0282,train,0.9287394828089646,0.9629185672841007,0.9127127358142847,0.9125059538735081,57.29221460963007,16.684802896168808,53.73405876144721,876.2422833723476,19,78,0.3712682319603644,-0.18192434910922511
train_day_0283,train,0.8825325552455427,0.9809777636612104,0.867542757774208,0.9087899015189908,50.53272237039332,17.045885116643404,46.89790711066528,793.6838825136543,18,76,0.6623008365259064,-0.18273874446330507
train_day_0284,train,0.9189865493542223,0.9948791240246798,0.9515172505566593,0.903295284150511,46.24168028492037,23.6624530409583,53.48972573517286,856.5579240134269,20,88,0.5670365106195256,-0.08140406118072147
train_day_0285,train,0.970610881212677,0.9786796807332409,0.9376782460721702,0.9497157872563518,58.70164892093245,17.388578445053493,53.558078545283365,853.5735701933087,26,73,0.4774914789615871,-0.3349332010300411
train_day_0286,train,0.9332447222351359,0.9922683888878435,0.9446399258407949,0.9358029479314633,50.07273803526039,20.460235246206114,49.57598567416678,829.9993477905097,19,62,0.6749513563413357,-0.09596755422250691
train_day_0287,train,0.9516051529430057,0.9195735059446268,0.8661104454377108,0.8823185987709009,54.47365300378681,15.191967015320225,52.340616821636466,815.5976780152097,20,70,0.3964385760660388,-0.3191403812963527
train_day_0288,train,0.9399858249680827,0.9855664943357767,0.8687509867648159,0.8988559734020047,56.453048119044865,18.428079875462412,56.909241452831644,857.0582798187521,22,69,0.380302600464388,-0.3825066243392119
train_day_0289,train,0.929068685320111,0.9614425574515515,0.9540664759295726,0.9511606647389779,54.940800966778774,19.567325517810854,49.539425722367525,801.4862018555465,18,69,0.54971397398167,-0.16255301726117918
train_day_0290,train,0.9472950350630659,0.9681870434705698,0.9199727994053638,0.9216261366096028,49.497529297370086,18.84760806572486,53.04066882419189,788.2249408295493,27,73,0.4687774588991022,-0.1320619070191539
train_day_0291,train,0.9395257769647679,0.9831039145069189,0.9321650557249532,0.8893440310752022,57.44277500930838,24.113882963581233,57.16475408306485,890.3519236431852,26,74,0.34414425418159256,-0.4276066522163323
train_day_0292,train,0.9636535591355507,0.9839514898306344,0.9555859107290796,0.961653354776645,53.8513020550044,15.806977461289605,53.46336936335516,963.8354493289944,16,63,0.47042448875515863,-0.1997902052718793
train_day_0293,train,0.9478654539204477,0.9873074420162917,0.8996402235391778,0.8431185987905252,55.45112981099593,20.630102869948782,57.380775604706116,850.9772754892632,30,76,0.40353573589684283,-0.03631068270354343
train_day_0294,train,0.9477855062097086,0.9646895432859366,0.960291601270444,0.9270030966457007,48.46601481956952,21.30916888926279,52.51104605518028,953.9912802325885,21,65,0.612720492783089,-0.003911609629776267
train_day_0295,train,0.9386015582827116,0.9706662034152096,0.9377473837441145,0.8979074291579543,50.940602972883674,16.65254216376324,56.1128013228301,909.0461904815526,17,83,0.42250154507458865,-0.1085015994859209
train_day_0296,train,0.9302804926221904,0.9807389998326465,0.9305378106567748,0.9340096185514639,52.301701087207846,13.554084894404065,49.945997018050434,915.9270073310414,24,75,0.5808825579199052,-0.26375280835317977
train_day_0297,train,0.8792259388464325,0.9516095117681467,0.874400131865368,0.8899974461192889,53.81668963128693,15.28177862934803,47.52177002708032,757.6192346532243,23,78,0.7079687965372169,-0.22056658912082994
train_day_0298,train,0.8417571648909783,0.9616351583103208,0.9614701920544766,0.8610238194560297,44.79020354523883,23.381982923574316,50.21648976805425,836.0228731221213,25,87,0.45933133122013275,-0.32252834519464585
train_day_0299,train,0.8552895419648265,0.9134307095755457,0.9513868606568326,0.9032924569650783,49.267488297872966,18.145935573241502,54.21685297776609,957.7706850077751,23,73,0.5404415140412727,-0.17954637179982086
train_day_0300,train,0.9210456763401124,0.952475333335466,0.9280418672080346,0.8658247603081703,57.20157845528332,17.527249141889627,49.97916130288227,829.7756883315501,19,71,0.6957635071526168,-0.09405457268911954
train_day_0301,train,0.9541170941119564,0.9586385200743145,0.9575761776091444,0.876231971686673,52.47892514625406,19.32983072413166,51.97386202887298,827.319251747379,19,90,0.5015634795673772,0.058536352319318294
train_day_0302,train,0.9249085947889227,0.984960012884593,0.9498478308038604,0.9066211407142216,56.68971340267251,19.998593597422104,52.521103622560126,820.0083749279778,20,70,0.6502074204158024,0.04211644953631136
train_day_0303,train,0.9477528395735759,0.9619168846836433,0.949155183088172,0.9168142927144975,58.405524810060136,22.132748745069225,55.310847823930125,956.117642268421,21,79,0.5256218259897619,-0.2038958990915016
train_day_0304,train,0.912208197806456,0.9849280879227438,0.9461444366339224,0.8990338706656473,44.81324271764699,21.754214449945845,54.2858735204791,831.9165575470224,24,78,0.49237380542403786,-0.16898323054402087
train_day_0305,train,0.9430872024553584,0.9721501571536139,0.9469470274731393,0.9023942507825825,51.98581927118854,19.046735109677346,52.58023649312173,911.5182382424615,20,81,0.4545128736178722,-0.18788037885645834
train_day_0306,train,0.9324473415206864,0.9820779455582134,0.9177997792830331,0.9295788054777194,54.135551080642365,24.496742000242516,49.86150310747894,858.278831892106,21,83,0.47127636977299986,-0.18176701727529743
train_day_0307,train,0.9469915369079165,0.9903077271539344,0.9082042507011849,0.8455150987654176,53.132394587577835,16.693815932187963,53.91507676352537,858.4133228514842,23,56,0.6687282780912265,-0.18158030089866983
train_day_0308,train,0.9478610126166652,0.9693964817655131,0.9375022484554209,0.9181354988809689,59.12865831363678,15.30382103864118,55.845780082298596,856.1479647256994,17,71,0.5550116948705485,-0.27019030758264
train_day_0309,train,0.9107584543140069,0.9882973419521742,0.876055145112019,0.8667429313543213,58.25015595690811,18.727718433322718,53.57405438479017,803.5862288215723,27,88,0.5063443298889612,-0.17717670993039344
train_day_0310,train,0.9645382122001313,0.966371022767799,0.9083409115150909,0.9476962719412823,54.24016687357541,17.771276515404512,55.600860421868276,898.1868402532467,20,66,0.519845811201873,-0.19596609477628046
train_day_0311,train,0.9308929984714169,0.9474626007708068,0.9579544783146039,0.8690538599597482,52.52906281717858,17.142425669161117,54.7259495377971,847.2485878419144,22,69,0.5260506469589424,0.020234907599255475
train_day_0312,train,0.9315675490427165,0.9645845397140935,0.9288255921719082,0.9183755713255711,58.69381466258591,18.526052158366323,52.68973786343016,884.9989280746123,18,73,0.5246146092736342,-0.06652012403721623
train_day_0313,train,0.9082351791891664,0.9816450418455758,0.8999480032453906,0.9020912391984712,43.81734927381171,21.00803305004945,47.38685965800634,871.9380089860409,26,74,0.49310568668117916,-0.34916111929565924
train_day_0314,train,0.9504446597263663,0.9759840926910611,0.9038367177511809,0.8847329051709615,60.89327393122094,15.3273126050547,51.386700931618826,915.9346810069741,20,73,0.3758810521360981,-0.345972313549921
train_day_0315,train,0.9279881444521597,0.9540300691997,0.9331970044310393,0.9703288537248486,45.205083479655165,24.729049234291665,50.09053057962034,828.1451236519518,20,70,0.5803082739270765,-0.37309850117442606
train_day_0316,train,0.9102312806035744,0.9661173754978775,0.9525664039169054,0.8620698992013041,54.99231953099811,14.70200502365342,49.53474434159738,833.7614049542649,32,91,0.5816258478308065,0.049930132896733356
train_day_0317,train,0.9583064300193985,0.9909258484797201,0.9344882886635678,0.9315468496383018,58.38973490185882,12.864885005736648,56.745864517923245,918.1924022225563,19,67,0.54913900819766,-0.3480570965216506
train_day_0318,train,0.9642079518174691,0.9679908592373323,0.9266783571669162,0.9232967572287896,51.8957733068008,18.67077932865192,53.91904767643562,868.789392319507,26,70,0.4431008895078228,-0.24939929149800907
train_day_0319,train,0.9005233946181789,0.980292754580364,0.8879661474832004,0.9195019704681766,56.13599106777519,16.968830865953105,50.73836005157953,952.062367319959,21,72,0.55410754823778,0.0066531619057490984
train_day_0320,train,0.9098969514545796,0.9867261130853511,0.9583459090022268,0.8982009861495585,47.02146604899037,21.635867756701927,51.303187168017395,908.3641401750114,18,76,0.5475371133661907,-0.15689294675897456
train_day_0321,train,0.9482950420106477,0.9577925700043918,0.9238196914830843,0.9663432073355651,54.70610993960745,17.758757235596335,50.329040228377345,902.2456051513063,21,68,0.619735062881165,-0.15532839496554512
train_day_0322,train,0.9451845796248689,0.9575406979828451,0.9379052688502915,0.932419170885608,55.58599809768642,18.30588667548079,53.17123664637419,841.4781017871188,25,82,0.5173970233891289,-0.042305291918469726
train_day_0323,train,0.8553357703680082,0.9917184914142215,0.8768741863184161,0.9328108435177814,45.96785254588193,17.955534117739674,53.678316069328325,920.7812413012944,22,60,0.6794491809922274,-0.11586002925951361
train_day_0324,train,0.9589303134428793,0.9716108765726227,0.9612951251426791,0.9556754407221437,49.184330889465826,16.675772428301777,52.784561933609666,848.2072016001745,23,61,0.523840902472901,-0.08211813510886579
train_day_0325,train,0.9221188824140624,0.9953181884563883,0.8564562299924101,0.9275929038966417,47.96766046474749,21.12803698753096,56.294708946445176,978.792251929462,19,64,0.6296936744582817,-0.16762708086362496
train_day_0326,train,0.920695917825869,0.9633225695278241,0.9432003572990263,0.9333714119138331,48.140808997264436,18.371369694060355,54.68563995190359,880.9930962672423,22,76,0.5648100708742293,-0.38993584056494657
train_day_0327,train,0.9328092514715679,0.9859589920264578,0.9348378872823963,0.9455270397128065,50.46212757398521,14.675534687485069,52.58986809147694,914.8703828364481,26,85,0.4118304416280621,-0.3150634341619831
train_day_0328,train,0.9362734472869079,0.9581925712983892,0.9190430719524699,0.8914572061206528,51.04815475845121,22.778833050189775,47.51888259926358,785.745897349488,19,71,0.565174059980438,-0.35454429576401714
train_day_0329,train,0.9122751344886793,0.9579888056447188,0.910863325003801,0.9359455449221421,48.11071937115019,25.070709117644487,56.66034937563,977.2777791540326,16,54,0.45522927715473005,-0.16052056915595378
train_day_0330,train,0.958388557740713,0.9933875009260763,0.9317213205100673,0.8855084661570775,51.632318053712254,17.95492512240088,51.31672573851197,836.1505659402843,17,65,0.43821595470617314,-0.2516344204716403
train_day_0331,train,0.9527539489427274,0.9618405655455696,0.9342966019138399,0.9163505736219877,58.92208763445077,19.05483428002624,55.30685006341543,818.1600394308856,20,57,0.5514411305868873,-0.11317262099704956
train_day_0332,train,0.9309921133169289,0.988607852501278,0.9586905763438863,0.9292324719520308,56.63154086290001,17.73366015686957,48.42202314315431,831.9299651967677,24,79,0.6255979250924676,-0.3540141998003971
train_day_0333,train,0.9037920847458479,0.9409833170622673,0.9443428511579696,0.8734322367043017,47.53315747204221,18.56639464932066,54.605616226013204,914.7359697041469,22,66,0.6147623328725418,-0.11640367385101442
train_day_0334,train,0.9063012196847632,0.9620837695873269,0.9007300348541311,0.9356709030292594,56.4894740653016,15.622253499072947,58.0977365012052,855.3682882185327,13,60,0.6603847232507777,-0.06538738371414032
train_day_0335,train,0.9723872162801439,0.9685095457967152,0.9644308287657867,0.9567783726029109,59.27812539407859,14.251177185459715,57.25598943301958,938.2615778780258,21,71,0.608311282810888,-0.15368317964159373
train_day_0336,train,0.8960407758148574,0.9810029466013407,0.9531739120063525,0.9389770761946683,44.152567306373044,25.632164683840458,52.71654991439923,904.1004363363201,22,69,0.5860495930266676,-0.2881980063454304
train_day_0337,train,0.929432257943111,0.9870037261685576,0.9357118620970992,0.9064980011595722,49.77562126518626,20.504191574731433,57.04623238644539,952.4664048568211,31,64,0.6272927977764395,-0.00025861568180531123
train_day_0338,train,0.87325993621994,0.9779848036161928,0.8920844697674924,0.9100399965821928,54.49002018832024,18.305853319863683,47.735290443407656,854.1160703949205,22,85,0.5611263612146,-0.05443142694892491
train_day_0339,train,0.9562934288049737,0.9408047967713945,0.917176116894057,0.9099338310146031,51.7114020671568,22.72941761305238,49.44279621908536,903.0099117746717,24,77,0.5826247328253494,-0.056381901779898
train_day_0340,train,0.865474983555145,0.9784127103203656,0.9623361737624638,0.9385766133793456,45.61997778529036,18.878476621893558,50.667516825439236,960.0691853568351,24,65,0.632605610669257,0.007333436619698942
train_day_0341,train,0.8941108046868133,0.976193940273183,0.9333004901451679,0.921004638145339,46.033481599743844,17.81742099961116,54.290523644329056,872.1439975122115,23,85,0.5295201357178133,-0.48710189632284256
train_day_0342,train,0.9377555799289988,0.9785260111524502,0.8855556418530813,0.9077951899743028,49.14500297191679,24.409911782157554,49.10798810375322,764.7900694208776,29,79,0.6062169349670162,-0.21371845989862426
train_day_0343,train,0.9636297521692995,0.9442995194946221,0.9093177372877081,0.9290779816139105,57.17500603145103,23.155882487370224,47.664729399627596,748.3782831039499,17,83,0.6529237539285127,-0.11902798261530081
train_day_0344,train,0.8947675417461541,0.9877987714085813,0.9364392459709197,0.9473373037099565,58.01291373367197,21.043742568431085,54.59163909785797,822.6355984293001,24,71,0.5493256047643124,-0.03155453691556649
train_day_0345,train,0.9526935936223097,0.9854952210738162,0.9493767682684545,0.9482162704696988,58.385842934544115,14.795802222103724,58.77932965260667,949.636160997833,20,69,0.4963135205045827,-0.3124228170442728
train_day_0346,train,0.9446389384805532,0.9773031531802108,0.9256258785630452,0.9280845475590476,53.59394276750859,22.09010543021005,51.97290219497714,895.3740407489282,19,69,0.632416515286595,-0.11807722881450093
train_day_0347,train,0.870192470963886,0.9610436813740065,0.9713296514477989,0.9341109983763481,46.507973018825965,18.492889973009472,57.60217179276632,979.0706542775491,21,64,0.5197729457328173,-0.1935329069004728
train_day_0348,train,0.9401073517084881,0.9433437693295661,0.9371322046103384,0.9003160739849749,54.926221199653945,18.12612378237252,56.45131004348283,946.2658570544396,16,74,0.45178657864413985,-0.12111463696381596
train_day_0349,train,0.9527316853977852,0.976271557483248,0.9237804588580673,0.9362840868708313,49.49253838508017,24.129672203651456,56.206721589211604,957.9832682675269,24,71,0.4573250778769153,-0.4486815242748557
train_day_0350,train,0.9375302959221951,0.9861510740132436,0.9091395703090744,0.9240976431936307,52.022376092880506,18.15560684439753,49.261802714547564,864.1931076118195,17,72,0.642939377207754,-0.12351674844419637
train_day_0351,train,0.9399948355341339,0.9832020810571106,0.9535539813616022,0.915846996878666,50.53835991822033,19.259090167843517,55.73392852530276,933.4603379815235,17,78,0.4954840652461082,-0.1343043889290297
train_day_0352,train,0.9190368888624172,0.9879238013443628,0.9340069837076419,0.9252782678994157,45.870247954921844,16.73005661047436,49.23058227200678,959.7427425554055,20,82,0.7402863921469212,0.12123442421495523
train_day_0353,train,0.9172534864554975,0.9418901208325385,0.9676399659223865,0.9634494460997266,54.03190065052052,18.086334505108812,54.94284095276262,777.7906483537031,19,70,0.6100138217222457,-0.251164608115865
train_day_0354,train,0.8936631943345664,0.989764041747018,0.8617784451821652,0.9052048055932211,52.29234184645276,19.70758146499583,54.048714574591315,934.707553130047,19,83,0.44064329692700704,-0.5010067685369473
train_day_0355,train,0.9392294547644526,0.9954825415940235,0.9400911563348783,0.9563126728751485,51.27291584277513,22.389087385871758,55.890638862059944,890.5978511695143,25,78,0.45960993122633664,-0.1228483604502477
train_day_0356,train,0.9587644861120606,0.9792282542790489,0.8584913387829513,0.897969119290547,59.67932254847068,11.395349041942174,49.7560140675461,893.9228108985957,14,61,0.37093579616373784,-0.16360103983089447
train_day_0357,train,0.9638248744853614,0.9418617453302232,0.9379321785380483,0.9172235431326663,57.86286845803906,19.046170462167083,49.48908008405391,809.3824313310502,19,65,0.5799000210045284,-0.13005634651634285
train_day_0358,train,0.9507040827633391,0.9751627759712763,0.9044157687238821,0.8519847926481816,54.17184334742773,19.24679115996466,51.392254584694285,849.323491809144,20,72,0.645639417734774,-0.04452558608866357
train_day_0359,train,0.9234284661714474,0.9840574838263733,0.9369346526827792,0.943650331859817,55.08556307759469,17.077906014066176,51.534854977005246,801.7058014280316,23,79,0.45857726215076244,-0.23738135008722674
train_day_0360,train,0.9565545590699138,0.996339077379785,0.9724118421163226,0.9248008771086788,57.88219945751333,18.84915512712951,57.903360680691634,889.8179935840021,21,75,0.3599167438456296,-0.29673811095484204
train_day_0361,train,0.9177180840707578,0.9596757059302978,0.9453752176947087,0.9798271496693535,53.63183946472651,18.144705635890613,54.17201074615565,816.1734611714468,31,89,0.688438088106265,-0.17644256056567303
train_day_0362,train,0.9519289207020258,0.9895040415965057,0.9236769483263815,0.8973565854117372,54.640421801172124,17.28831371450426,52.03431848629572,878.6941368334133,25,78,0.3073614789904217,-0.2512309119191612
train_day_0363,train,0.9470357296463265,0.9574490871672123,0.9287344562037825,0.9465121505095461,62.09735591326864,14.342167251665964,49.25696557863652,788.0454648192166,18,72,0.6925933784363454,-0.5026341447949986
train_day_0364,train,0.8964387428250655,0.9784993882837444,0.9481586692708494,0.9592139482494836,53.35678639933883,16.638249128267258,50.723468036563766,844.8963717459192,19,79,0.49867567367834476,-0.25827176815771546
train_day_0365,train,0.944395523622693,0.9648016243474404,0.9495030329818355,0.9395587846317722,50.19019136696019,16.778022369513348,54.71524027059126,966.8567902407531,20,61,0.5330804919930623,-0.12074056412236155
train_day_0366,train,0.9446104206267049,0.9793374850216616,0.9353399905870241,0.942953912667608,57.49294056917993,17.5095095850992,53.671827191080304,915.2463667082717,23,88,0.5611365692060284,-0.14091946687695447
train_day_0367,train,0.881268968818858,0.9530381432111004,0.9208679157064023,0.9664951518431375,44.852186804194936,18.57820871930406,51.45631548589521,929.9156724428352,21,66,0.34330106038238584,-0.18989789474035837
train_day_0368,train,0.9429380768650883,0.9846264398131929,0.9068490085275055,0.9410573403944574,58.96592189028439,14.201403683111211,50.36925273496183,841.6302555472175,18,68,0.5754539622233127,-0.13086035476093374
train_day_0369,train,0.9041829945544986,0.9759176045216772,0.8481694636600935,0.8961419993767685,50.57668682039093,13.502872842281178,51.20271507599576,854.8313344422176,22,65,0.705404460875489,-0.02681756249183799
train_day_0370,train,0.947150509765857,0.9532772225231579,0.9457980497354654,0.9109687037576957,59.185883720794855,15.845270656784331,57.38881422676894,905.1903530695149,26,84,0.4990354612161468,-0.24826168129789392
train_day_0371,train,0.8990128729316061,0.972556923045056,0.9456138301395413,0.9370708371314498,52.93544688183825,20.265175332345965,55.13228804349557,959.9517621056497,18,60,0.613330915911738,-0.19852337028900696
train_day_0372,train,0.9407696151278386,0.8755429505741014,0.8626185659045293,0.9413215184689183,53.87805879265161,12.728755257107778,47.61665963830776,886.4085741292229,25,88,0.5129140269379826,-0.41196882254207784
train_day_0373,train,0.9480718394129635,0.9590736728662136,0.9571821996282717,0.9580621162710806,52.80166720900278,21.62408820657979,55.17971104215267,895.785627956715,21,72,0.41430513980787764,-0.5562992294712805
train_day_0374,train,0.9490151184198043,0.9816552222421071,0.8835900835181898,0.9125637750895894,48.53322624530989,16.22096857097589,49.11209707283175,879.6794483458671,20,76,0.5056975629429751,-0.10983731164808859
train_day_0375,train,0.9716649312908594,0.9861915188978568,0.9712717131791019,0.9635638347120808,58.94908700305975,20.47284419374426,54.58125556135093,944.597707271694,24,77,0.5460193888073106,-0.19335768309665083
train_day_0376,train,0.9201742528675213,0.9697873412988829,0.9118081337646274,0.9229718584346489,55.63839372456545,15.849574602653883,55.401298695821026,845.700553950016,24,57,0.37581686488378097,-0.39976472556169074
train_day_0377,train,0.9242162705275505,0.9243558962445358,0.9435634403942507,0.9167905612438394,53.18708810004557,18.75752276310273,54.35205310693548,882.6655251485687,27,79,0.5571770419144311,-0.28570854531067796
train_day_0378,train,0.9168582306850441,0.9265806790838294,0.9138472335385961,0.8740798542589624,57.33745708973576,19.52667229702934,54.38421335921837,913.9817269944782,25,78,0.6623518059412429,0.06067213171821662
train_day_0379,train,0.9540201005297585,0.9915929513717677,0.943582369564021,0.9487208360732757,52.3440125059579,18.241776873781088,55.326812595369404,969.476967066083,18,76,0.603818557250454,-0.14893813953129847
train_day_0380,train,0.9356060253482403,0.9553505927164015,0.925938499310513,0.8369848342512114,55.990732513637404,21.834391132484267,51.83270649109706,816.9980892874179,31,87,0.45179789055381125,-0.04952904421381716
train_day_0381,train,0.9141450394714808,0.9930035325279472,0.9561755090571006,0.8486176350047785,59.95793122243924,16.778942152114762,52.018232136996964,809.6351336737335,17,56,0.7463200860727188,0.04834978715105892
train_day_0382,train,0.9644510495334985,0.9767660897652753,0.9452740300576457,0.9574338892766027,59.264949155910784,15.94195416055849,50.97140387561254,764.4502671379283,19,73,0.3607326830396875,-0.46752519891025274
train_day_0383,train,0.9330505200328243,0.9724801373889026,0.961567895148612,0.9322543641374138,51.3302478236277,14.161017370033184,53.276818534930534,856.0043583232963,25,87,0.5348849515373437,-0.004095386221702542
train_day_0384,train,0.9302352930244024,0.9654799635851445,0.8857678669405525,0.9154967029718201,52.12905297429436,16.462076118800024,57.06775455777383,941.8568196885593,17,66,0.5331873549108271,-0.2587824332764146
train_day_0385,train,0.9396748131217256,0.9888172356890861,0.9436668800966757,0.9462566532026336,50.415385556785225,17.522401777275906,53.51445667419836,970.1977776903715,19,65,0.5459562262629207,-0.14459149621768372
train_day_0386,train,0.9611284451156219,0.967734553803041,0.9155044869546152,0.8718167071623895,51.887086338199516,22.977065170592326,52.59433601333503,848.0132956099418,20,60,0.6780834493431134,0.07350649156684198
train_day_0387,train,0.9647466445190628,0.9791982493120309,0.9317742388920027,0.9055949100562015,54.17042123577368,21.737249842556732,55.30858556127212,870.188150659842,27,78,0.5049245177454448,-0.4991372851555496
train_day_0388,train,0.9536323503567216,0.971489159970875,0.8723179119660428,0.8700794905443067,59.785532190459726,18.8274882500006,54.06488454290891,860.9997080836241,26,71,0.41186189540974305,-0.4301663585768551
train_day_0389,train,0.9270181088772034,0.9473593136503345,0.9562644975602018,0.9678867680338874,52.788258894942324,18.617147095088463,57.6264880296466,949.2983660664373,17,80,0.46742351217750583,-0.3786708938510147
train_day_0390,train,0.9016801132156743,0.9840444830615983,0.9439170761633556,0.9174916595857816,56.12355270580778,20.075650316737576,51.06672466145051,943.0679403644727,24,79,0.5773275148803373,-0.24132407974053435
train_day_0391,train,0.9261484994451891,0.8826793443553786,0.9516554422625232,0.915782661325677,52.76086379948837,19.50065314212134,56.71819430589739,878.9551394445593,19,67,0.5042492438592467,-0.19923891669354615
train_day_0392,train,0.9470442269022267,0.9563083592423202,0.8984281644237113,0.8756343061918412,44.14090092704751,21.01834411037517,54.29152921752584,890.3799542784321,22,73,0.5217056464984543,-0.1618189427145879
train_day_0393,train,0.9606628531642947,0.9864664293784944,0.9295422363575349,0.9643184301663281,56.22265007034195,18.822703936614914,54.773094948214315,924.8317595174909,23,80,0.5638577618164872,-0.343029324020397
train_day_0394,train,0.9563178631755992,0.9756391357677445,0.9018528677966255,0.9274826917752773,58.389527057172465,16.958402876917315,58.33870731154045,916.3742079496842,29,66,0.6596411734993164,-0.1394496057971334
train_day_0395,train,0.9237089209539365,0.9521557096641818,0.9139625231743044,0.950556711912847,50.44406491141539,19.058888461038052,53.75492502423568,919.9455321562313,22,73,0.5425672351436711,-0.23663905255881923
train_day_0396,train,0.9155218773728586,0.9917609945457427,0.9063107216801172,0.9131411255730745,51.5354790698777,20.579657511615512,48.364946086407976,855.5445724026966,22,64,0.560376968774724,-0.28926561332322703
train_day_0397,train,0.9526475851877034,0.9706633896289939,0.936946869025465,0.9113608190417718,54.70335812178805,21.245637051974654,53.83618255609168,923.5471475215072,22,73,0.5246180599069777,-0.19891331358248288
train_day_0398,train,0.8563623991158437,0.9292130279721643,0.9562463255678979,0.8531280864015777,45.814743223700795,19.10585086852998,56.67902653876691,906.812831130543,20,68,0.7102504684099806,-0.16995373252407278
train_day_0399,train,0.9213744219897163,0.9784414873148864,0.8692502860580688,0.9582010512159669,55.38723533177344,16.687578478069373,54.41435054322835,934.2021459153008,21,75,0.5320394235824465,-0.2660820811054984
train_day_0400,train,0.8680644514625662,0.9671339691529549,0.9505088338255707,0.9178533354292072,48.83323767960413,18.247659111454016,57.449117604897936,860.8931592946992,21,68,0.5904966683023509,-0.13669652851436376
train_day_0401,train,0.9222492074686146,0.95264497943292,0.9444993971529668,0.9380658834612449,51.41945404103587,14.679571310166795,50.72057925230576,852.7800988336821,20,67,0.4404309454365435,-0.3591160411623122
train_day_0402,train,0.9411272120913772,0.9756496121943693,0.8952562855601873,0.9414969200419283,50.87620811826569,22.759595439715962,51.24072020028543,952.9711548058164,16,71,0.6625669768364897,-0.11931566189092686
train_day_0403,train,0.9499211912853708,0.9233173097823407,0.933118781399745,0.9435768350254715,53.91095344337953,15.868492937362248,51.80439087546504,887.3222021830157,32,66,0.5318179824791635,-0.28469002652040676
train_day_0404,train,0.9496815673788422,0.987940113233364,0.8862459057270905,0.919383782485808,52.85225312216693,14.39295755539431,47.56089091523501,808.6652891558178,21,76,0.4512329694336358,-0.27593482654052987
train_day_0405,train,0.928356319590687,0.9828463334758271,0.9140149612613282,0.921364576015115,52.37001977688846,25.347594499740392,53.964502764067134,840.132523225795,28,70,0.4510856378949966,-0.2734063929514084
train_day_0406,train,0.8688292303421925,0.9837439497208593,0.9555485549268055,0.8974043569600951,47.66306863623583,24.49082644192531,57.445156676018776,961.0010190287059,27,88,0.5390052630429508,-0.06814799097931148
train_day_0407,train,0.9360372944675464,0.9684310806008595,0.911901639364857,0.8760897737417221,46.85657691731416,15.94405842628457,52.567114842845605,918.1422681718312,20,83,0.489529837845659,-0.17310995116559058
train_day_0408,train,0.9355882104858493,0.9882474086208689,0.920995284692071,0.9559386139272912,46.6539318090798,19.274403616498965,51.67389646774867,888.0396961133416,30,77,0.4128606699401878,-0.23990038972935526
train_day_0409,train,0.9146004128689802,0.9883226776681227,0.9670946779077086,0.8443229277383979,53.647532318262165,19.400318457226515,54.349861287881566,794.171787799591,23,78,0.44681835130216724,-0.45555478887563766
train_day_0410,train,0.9583200656998905,0.9670263569488841,0.951448192286089,0.9485033480827474,60.992763828220426,17.95156869424039,56.693970433295256,874.0971131143955,23,88,0.6349857277662964,-0.22370958264469631
train_day_0411,train,0.8539966872850715,0.9700663919612648,0.8775891384648882,0.9404549630194489,49.10610029312436,20.183359199642776,50.11398711162556,835.6807887815818,17,63,0.49897984412491586,0.08345109085333521
train_day_0412,train,0.9519035396784735,0.9725042931032641,0.9693992391172432,0.9220693636132838,52.337419485826096,12.982256803999382,51.022902450392586,963.2290311657321,19,61,0.5815985302032443,-0.2699373092481646
train_day_0413,train,0.9481261707645464,0.9807805938426558,0.947041645347521,0.9526985711691759,50.28067703655707,23.784269079692958,57.96035906618064,871.7531197881872,21,62,0.5662903069792727,-0.2999035030738223
train_day_0414,train,0.9561575632248297,0.9473672865395746,0.9039497482550334,0.9519605639158536,58.191562238426776,16.214623701007763,57.17401936240372,955.1266237465576,18,57,0.6512927301077466,-0.20159106442800853
train_day_0415,train,0.9477253845846418,0.9593741100523417,0.9498144688827497,0.9188370209761136,50.913007214232664,19.71913940842719,50.537335127911,911.3064064222053,25,81,0.5087056509539801,-0.37363610328650904
train_day_0416,train,0.9690610077878032,0.9950624992988701,0.894195348597727,0.9384420338244739,57.22756557770262,17.998753744158954,51.725347396638796,898.6930804657592,20,71,0.42312696147500994,-0.2991673664597366
train_day_0417,train,0.9345204035844819,0.9910835140882146,0.9526222562493093,0.9547252344172329,57.821493772865814,20.980297462308283,52.260560665587235,796.6694864289748,29,98,0.5760830252076673,-0.48029773025884975
train_day_0418,train,0.8985412378681069,0.9488661369004472,0.8772892337467699,0.9305822251107175,55.08900633920904,23.159342037472868,49.75088700551644,897.9918232149598,26,71,0.46647991805813815,-0.41539184945228325
train_day_0419,train,0.8477183506741602,0.9856952037595821,0.8629873959496911,0.9405847763363498,46.0464627621792,21.86797371644846,54.680043469468536,915.9178623510583,21,85,0.6727589179093759,-0.2821902300091512
train_day_0420,train,0.9488498272103912,0.9356153683285836,0.9198091977615737,0.940092008468005,53.135060309498584,21.092240891175578,53.071206976648575,879.9208540322953,21,73,0.5782925990909646,-0.22278977701618102
train_day_0421,train,0.9626091653303489,0.9733552474613052,0.9451445262125626,0.9064990128264744,53.027607173367805,24.955968756514654,48.53820224546346,874.7578579680485,22,70,0.47125041092328507,-0.19993742240303386
train_day_0422,train,0.9588849031549803,0.9706074740602104,0.939613519805273,0.9431952384361005,55.22217358114531,19.38028087859459,51.19421029335023,883.4733481246395,23,61,0.38737312168835425,-0.4014534561442659
train_day_0423,train,0.9365831817653488,0.9916461786874751,0.9517838979958572,0.9520051697825804,55.43640485119576,16.51970431650011,58.152575643271256,913.9692413660356,24,79,0.47271553594785265,-0.23650406158906348
train_day_0424,train,0.9266884623076648,0.9776384800613473,0.9453435627806415,0.9003634007428645,50.86826898965561,25.833146535250183,54.91859932705582,865.7941954552643,19,76,0.5692311120135127,-0.2233035712939765
train_day_0425,train,0.9562370361693945,0.980013982796944,0.9428928380851143,0.9082451850217572,48.76468425246853,21.47030727180703,57.05052918396162,949.1693412840654,18,76,0.3282675368894503,-0.18671362295053553
train_day_0426,train,0.9320454427246468,0.9537930582762624,0.9301259517170898,0.8202248272620798,49.99624150572239,17.716518772365447,54.34521353957066,873.8406313790114,28,97,0.541714555128227,-0.08495639001348561
train_day_0427,train,0.9436795898168662,0.9786243945755302,0.9601158486923249,0.9009421180912348,52.84631780479342,21.79368845525815,55.64018686186282,817.07285198386,26,88,0.5162228014084261,-0.13248038639300844
train_day_0428,train,0.8840313242207236,0.974089657515739,0.8958089372764083,0.8847265542385611,45.577897478465665,25.19209351725101,49.43654713714543,781.0040459447409,25,70,0.5344982352782085,-0.22007310395252125
train_day_0429,train,0.9483802049716076,0.9933842376082566,0.916174687563876,0.9347035856397157,58.11300587765668,18.97776654808413,50.1586905246744,803.014077403392,22,78,0.53145558663841,-0.17437821048346266
train_day_0430,train,0.9202604337291767,0.9565815990085654,0.9455718957461795,0.9497347120141045,56.20987870595285,18.3831963448742,46.830325138320894,893.1421567156672,22,87,0.6310069176701867,-0.20150498224577545
train_day_0431,train,0.8929266740553988,0.9575304839122561,0.9631939544909706,0.9380826101585971,51.68677556208139,15.590727685618127,57.294525528020735,828.4167068929701,24,74,0.5090901151095206,-0.2635789382040028
train_day_0432,train,0.9602357756596805,0.9019841018966939,0.8785449719682827,0.9070981632489458,58.64337546492256,16.09548681240273,49.8873520678705,831.2881859630414,17,68,0.41499904776577606,-0.44464796428807857
train_day_0433,train,0.9235454236583616,0.9428514933381332,0.919658458480166,0.9124384199844078,57.107749095197164,13.895066119007618,53.4902594158253,951.1458001015411,21,73,0.3973523384252886,-0.13116323581736955
train_day_0434,train,0.949212727158828,0.9654643865030095,0.914916754789185,0.9099185019728804,60.164625200699184,14.467313444915709,55.65083851656947,878.1317137970274,22,72,0.4439999933077145,-0.48488911338231155
train_day_0435,train,0.9160406985392607,0.9832190684083759,0.913322880806098,0.9178766583219374,55.73027331271792,18.861510057665626,54.227056530095275,895.7136201797465,19,59,0.683605805254033,-0.04162309088242862
train_day_0436,train,0.9431180646574333,0.9464884652063988,0.9474666202103346,0.926206067808832,50.317323704823764,16.9105284296145,51.935790528657,956.9213241046285,23,62,0.5101018801815832,-0.3042229163893438
train_day_0437,train,0.9470000743618441,0.9882215040625322,0.8768912856977268,0.9058363794218494,45.732166027802805,24.85161215761055,50.29381291968324,884.6000456309376,18,74,0.48299659301686354,-0.20682998975644862
train_day_0438,train,0.826007918620707,0.9807421730114217,0.9465203326864471,0.9339570792277603,46.09072030542902,16.61588622040607,54.72175110704648,892.0906008899802,21,85,0.5911888943450896,-0.19392168357118053
train_day_0439,train,0.9014780751111843,0.9766913419698809,0.9300359617975374,0.9457996011417104,47.28998642558121,18.13249825396842,54.09928113137277,889.3085984419595,19,69,0.5788632202134152,-0.12467596933242879
train_day_0440,train,0.9621096939162043,0.9527602291037326,0.9238017408739335,0.9331761804973729,53.615068600541655,18.44339990539844,56.096960846685924,854.2895491997142,27,75,0.5296739137960836,-0.29249463481877286
train_day_0441,train,0.9322762190545373,0.9850903031111397,0.9416450198476488,0.9477341566192697,58.784177820897156,15.009592218635385,57.03459049309523,848.146068657246,18,60,0.4049343862716602,-0.4031972853134992
train_day_0442,train,0.9001448641577794,0.989642527933708,0.9311714652623895,0.9607428020728881,46.26264703410834,21.971239818876033,54.12689671181611,820.6219251892071,19,69,0.5986618576578361,-0.22633484559057665
train_day_0443,train,0.9572970420261283,0.945001292124712,0.9300267498513822,0.8965639625508398,54.65166158766177,21.007220448011598,50.06407383008502,799.9958362836168,20,74,0.5062758586600745,-0.036266199285570046
train_day_0444,train,0.9416123926710658,0.9775805551985927,0.8637489004239787,0.8809756146530344,47.06273208887285,22.559219285787908,51.9009279958139,943.9514687732863,21,79,0.6831699868551532,-0.07613160646570852
train_day_0445,train,0.9578163379257087,0.8533273176651509,0.956256102910704,0.918033881179197,59.02963927605979,16.049121921280115,56.675933751691296,865.8867046507612,21,69,0.6298546183010211,-0.2358072913012963
train_day_0446,train,0.9554010625494732,0.9902965229740145,0.8911558836561231,0.9326152922728078,57.86622290503993,23.20315963118394,55.74784286283566,858.0118654911081,31,90,0.4605606029100517,-0.15524200620456213
train_day_0447,train,0.9381272297453301,0.9761412701721296,0.9474687618478668,0.9023052620568115,49.02855817046974,21.53189956617013,51.547699694161544,885.7589356944096,17,53,0.7006388015874369,0.02068925237311571
train_day_0448,train,0.9345960192323086,0.9658979118780565,0.9672900409037326,0.954290159626989,48.41684801582844,20.925999924156798,50.33284499426731,947.0999811654547,21,60,0.44974136132859965,-0.030334827663617673
train_day_0449,train,0.8826033186849833,0.9203131682574973,0.9114838064018864,0.9091100394357434,44.3519487122841,17.931230064225545,51.00012768344063,957.0452769671289,23,72,0.5370674227129022,-0.193386281956401
train_day_0450,train,0.9037212678654424,0.943988824593613,0.9520437586402902,0.9423577169936328,46.03837861897665,22.20614175502621,52.81677345454373,940.1937393323557,25,81,0.4928693809111538,-0.08416426735956113
train_day_0451,train,0.9484956289270047,0.8533552696138192,0.9258751468151275,0.8757461243477366,52.31679494000406,11.60481546210255,49.80635605398109,928.0262836315441,18,79,0.3363714751242566,-0.33708476374919033
train_day_0452,train,0.889248174785726,0.9407782707404122,0.918206212866635,0.9366392971659957,56.218315264042985,17.912246951318227,49.612947507194576,940.0553724367488,18,81,0.6823747401381993,-0.3321962425774542
train_day_0453,train,0.9539007602488269,0.9851528555152881,0.941542877272727,0.9496116560609946,52.22542653302778,24.24038929661062,52.770291188619694,881.9495348609345,20,73,0.5586979974995794,-0.3087341917299227
train_day_0454,train,0.9243894791786449,0.9511076005733473,0.9296599994054796,0.8224800293755691,50.915288419749494,17.090191703989444,58.31358270874413,908.4301083454542,24,65,0.5667072918601823,0.048537115662670605
train_day_0455,train,0.9694845857392359,0.9557343503212664,0.9252619284819875,0.8677408794694776,55.14912980990477,17.59689960330041,52.72774586045932,792.9752991447873,32,74,0.31851927509291084,-0.4788520775745847
train_day_0456,train,0.9425919241825853,0.9722804769424344,0.9312659033178594,0.9629969624388459,54.433342527764204,24.214473570694068,54.48881732992955,868.700245895741,22,69,0.3948871856613633,-0.33975331791529745
train_day_0457,train,0.9462752225760032,0.9401042769995899,0.8786548433139375,0.9078555520768268,46.33727136210373,20.275109308843366,54.52025660864238,946.9936647023284,18,63,0.41714858459563237,-0.4038635607457685
train_day_0458,train,0.8945765851435178,0.9694021103482267,0.9408846783226312,0.8854044414401281,54.18516645408956,20.53723663763544,49.0150602267552,805.2938578433697,18,70,0.5579312256247012,-0.1904307992660176
train_day_0459,train,0.9602354783715945,0.9936319679506181,0.9154147708166298,0.9386916150452593,52.1886521771697,14.72775807032822,53.974242367624946,825.638312416484,17,68,0.48859634653483536,-0.41118021280196204
train_day_0460,train,0.9655270020987649,0.9547335100905939,0.9382014225037912,0.942864588970813,60.008715764146245,18.36594563790117,49.3782660276212,870.8013851991042,28,63,0.41118619255711913,-0.3129303863033551
train_day_0461,train,0.8745766341802023,0.9419290156824623,0.9616073453996715,0.9216567528029813,53.70731929735166,16.34776060808967,54.39916775747176,786.300903584342,29,86,0.5338966589745052,-0.4147862598731198
train_day_0462,train,0.9346788184181705,0.9973050137040742,0.9192731667586153,0.8925806077019353,57.151669078210055,21.378182216020207,52.59814440724448,784.8695293619243,19,88,0.4324830842034233,-0.34805013572629806
train_day_0463,train,0.9531236111075747,0.9571948823994898,0.9294854290298707,0.9578948390471889,53.37460982712713,21.215638770832626,57.664912742596904,910.5936843071077,25,85,0.40279729747451676,-0.5596185309212754
train_day_0464,train,0.8976615162986047,0.9770407085113713,0.9551376058430484,0.8835092265113533,47.014012842869555,23.85916478646941,56.38896117455156,907.3377575099148,22,74,0.6280460862180983,-0.06732116830528738
train_day_0465,train,0.9449182791367744,0.9898273359532871,0.9315591180757359,0.9461210059788226,51.770625876640885,15.958141264042041,48.56296494620444,816.4955878354052,23,71,0.3750791960855576,-0.3024614145096159
train_day_0466,train,0.9739106428386001,0.9502867527262515,0.9111854538412518,0.9410377322430905,54.45326269966635,17.65566014707571,56.93670185472535,960.7991843269118,17,89,0.4276016031399517,-0.1061200361922526
train_day_0467,train,0.9182425900969808,0.9785500916722328,0.9176236477666887,0.9273927541971406,56.66572365294928,24.040030624535103,56.44693495513908,890.9595242226701,26,66,0.4143776871424239,-0.02922156085145712
train_day_0468,train,0.9273171993988814,0.953350382276516,0.9245867171978247,0.9477976064924472,51.63526132609109,20.603155022208856,52.239350763610425,779.5558265485115,31,108,0.4832042719451121,-0.49830423574623506
train_day_0469,train,0.940012164700748,0.9736252895997519,0.9383101922092013,0.9390950598493388,51.64150152857636,20.763016813692506,53.97895239518064,787.7153856052131,34,102,0.3693843288663818,-0.3200672440739503
train_day_0470,train,0.9650477388961832,0.9850793718495493,0.9636699601977486,0.939160580306355,54.14856223227546,18.714089805087145,53.726216015848216,897.4476870166668,18,70,0.5397629927464715,-0.25663599659996256
train_day_0471,train,0.9394059287361517,0.9527806703001532,0.9181525566894221,0.9115653139218074,57.261538986445885,16.176794689463584,52.29420640560619,955.1127961686188,30,88,0.5180113493967251,-0.14848322118863796
train_day_0472,train,0.9530691133003867,0.9418786554927849,0.9361663142342154,0.9272409415497159,44.244471374423085,20.62812874840459,53.214962517433655,835.9578395791708,20,64,0.35240695250727677,-0.2705855007048513
train_day_0473,train,0.976988036046122,0.988870332240257,0.9361714297074448,0.9377578771209272,51.710230620970435,20.695238022178287,52.64860696185093,883.4553732184173,17,59,0.49876998557925656,-0.2711644546328163
train_day_0474,train,0.8815495309126777,0.9682142103296733,0.9249856246213459,0.9390856707640101,49.2760787540225,23.000685443585667,50.77288586770921,897.6532716341635,17,60,0.4313739361031886,-0.23439676171384283
train_day_0475,train,0.9075442426045149,0.9716648981166028,0.9581193209403331,0.9497285904588987,50.716492390426986,22.93150048402659,58.367898232198314,975.0646557661265,20,64,0.47369684090757547,-0.47851010682845113
train_day_0476,train,0.9321458018189486,0.9620293016255271,0.9299666039893661,0.9544764415496503,51.10661757550857,14.847584022051757,49.72460108083654,963.0275449644263,18,64,0.5819638539521622,-0.1783502512022291
train_day_0477,train,0.8747631854020612,0.9708719921417729,0.917773411082999,0.8645227104082791,54.012072142157585,22.04804634547125,58.34230013526294,828.0916418238127,17,60,0.40575696423800245,-0.19656763093833565
train_day_0478,train,0.9581375668375088,0.9705038826185246,0.9714995364956528,0.9790131810337829,51.773553388471065,13.816388158240835,55.81567239782678,899.4752236909545,20,67,0.555956827466601,-0.3701147905450905
train_day_0479,train,0.9314844083925743,0.9256501628815732,0.8834475033872219,0.9128414810954945,50.83899127139591,14.777954851547818,54.36445946074082,920.1915266397355,19,69,0.25467598058243934,-0.372557488291378
train_day_0480,train,0.9375792669647856,0.974456378976596,0.8910162301314106,0.8335691923007228,46.50662464774075,16.95968533319859,47.77871926207421,863.317127441093,20,90,0.45939403324923794,-0.3808060781736223
train_day_0481,train,0.9637810554339904,0.9812753855949985,0.9561344142240884,0.9361346801578045,59.91726250541271,17.95176520384919,56.784462256572475,850.2491359742077,21,79,0.36398107614397945,-0.43077281587646904
train_day_0482,train,0.9015416420203851,0.9602216960636002,0.9377705168548283,0.9456327171004641,46.50871955131959,21.124191676749394,57.25086186345741,951.1210238590755,21,69,0.5813360144991452,0.00531969258858796
train_day_0483,train,0.9581522294700678,0.9472022853045043,0.9225939687674523,0.8516574361711663,58.90911613020361,20.714362444005463,49.278389065793135,795.4295003159518,24,103,0.44387061001737615,-0.186193674131007
train_day_0484,train,0.9515265421487661,0.9851738470586017,0.8725825257818365,0.8527297161243259,51.33673577451688,21.329204787080506,52.312674579035594,815.0390064302046,24,67,0.5783357502918296,-0.07109993890479034
train_day_0485,train,0.9022889599245633,0.9891039838608963,0.9634460462882407,0.942679613467751,54.26226791313138,21.031701167574777,55.36344178739902,852.1565602816094,24,79,0.49095341106884605,-0.28265630143802545
train_day_0486,train,0.9666666948680522,0.8918637835037861,0.9383584486010196,0.9020030510438297,58.93857475053278,13.344568380046963,52.2613295805725,846.0783874117393,20,83,0.6598780176218376,-0.12265526821384949
train_day_0487,train,0.8900058995547493,0.9349805979133402,0.970344229170723,0.9025358000726191,46.77347238172552,21.593340687661268,51.56090766750569,896.7007814587085,21,70,0.48219624103649633,-0.09689587563963364
train_day_0488,train,0.9496599605160461,0.9668782361623828,0.9357965719344487,0.9128032526968695,53.50119165100087,26.604580180868467,50.6918300310169,877.2760636650096,22,75,0.6664677292146709,-0.16764755988964905
train_day_0489,train,0.9465768184020231,0.987628647078168,0.9303869636194069,0.9368210698030573,57.87986638553605,20.24384184512701,48.26577717470704,808.3519508634339,22,77,0.6237661823113599,-0.16279605296554522
train_day_0490,train,0.912654966508442,0.9906942327309277,0.961361481003069,0.9557088119209214,56.74610781574015,22.913865705552904,53.727082091248086,964.2304514261969,22,66,0.5880657470080826,-0.08499494616616854
train_day_0491,train,0.9506252669916118,0.972027694178386,0.9451054185606318,0.9142618979147962,49.750486240415135,14.883942417478835,56.52813640328659,878.258342045031,19,78,0.4891622052531607,-0.29887560445628086
train_day_0492,train,0.9257508944861159,0.933945626519083,0.9261755063452115,0.9641335654176647,58.35583016667308,18.13332608165316,55.424270475448786,894.4109764385909,23,70,0.5523551209571178,-0.2647200499439794
train_day_0493,train,0.9482888205505042,0.9920415607291344,0.9241488581910039,0.8516471330574449,53.34853189784633,19.17023051316465,51.03876169065754,775.0981180770841,21,76,0.5778584153575291,-0.03471210629910422
train_day_0494,train,0.9469985916456671,0.9910216327594558,0.9056186076910269,0.9580731658809494,49.233980668633166,17.9756750872849,54.802562148110134,960.4173280705039,19,83,0.4925851301671367,-0.2629507706999346
train_day_0495,train,0.8982976048475126,0.9847831069919436,0.8653186531139315,0.8710165340285526,50.096408658439145,17.098825844777583,46.52122734544073,776.511014556906,17,77,0.616399891049447,-0.08151708374019455
train_day_0496,train,0.8696479068644198,0.9473586794356529,0.9339880888550568,0.9643276500208902,47.822875842089864,17.79126490065481,54.50733026503673,910.1972211036899,21,64,0.5416133167354459,-0.09572476671271275
train_day_0497,train,0.9225316890811316,0.967768871145545,0.8911419750807343,0.9349600365442298,55.06359628987135,12.167411044706261,49.290216007609295,963.5957187026356,26,75,0.5955872878221695,-0.262777370510058
train_day_0498,train,0.9356864831886129,0.9618807923818551,0.9337347254378265,0.9139318494093235,58.17768396068961,13.070095426577964,56.01205668922112,918.6950155846597,25,89,0.49101707576866627,-0.451634671528628
train_day_0499,train,0.9094981700027861,0.9912497502408683,0.9004641902060293,0.918597218548642,49.660202159452545,24.645514824629032,55.10229922842672,864.2188495265091,29,70,0.5248818342477559,-0.16021015743936062
train_day_0500,train,0.9446463339462776,0.8890206989794414,0.8920606836105293,0.9108476321065904,58.65785252309595,15.264307034180904,51.206038258084675,894.7137775704427,21,71,0.4084354406980282,-0.5028547554306351
val_day_0001,val,0.9561231450935165,0.9931939911851164,0.9169519722714345,0.9380729896330252,53.337136790816764,18.504604805700566,53.29747765269584,936.3091451034562,19,70,0.545649450186077,-0.2024556827958046
val_day_0002,val,0.9337252311561586,0.9696740274256452,0.8984851411584265,0.923575791242482,46.3523712407582,18.94465429357687,50.743023062725285,891.8952423897881,23,66,0.43158997932756227,-0.35558221946241686
val_day_0003,val,0.9229011094357986,0.9767225324396851,0.9147772137436997,0.9209306107533486,47.32223634114433,21.403267025550537,56.0880829903269,865.2508536138126,20,61,0.5480634845436072,-0.14592841817216198
val_day_0004,val,0.9472115750461229,0.9172474925415127,0.9532910319873427,0.9075159079311772,55.62744842283748,15.959980910360846,52.087463567292794,833.3518258953146,23,73,0.5390938750417757,-0.18844719784277225
val_day_0005,val,0.9589364372254661,0.9687996212180002,0.9639986329195719,0.8819015415267019,54.23577599652976,16.559364554943517,57.779120108942514,930.4220095004689,24,88,0.5834682767875946,-0.1585074261392406
val_day_0006,val,0.9416223006761938,0.9166808467187822,0.9490993804524123,0.9518120121734958,51.302301172946834,22.556060708383075,51.844236458707066,943.88269964521,19,67,0.48681751854800137,-0.4759887546617263
val_day_0007,val,0.9014952616486885,0.9886009425427164,0.914963700001293,0.9232132542885877,59.787179006271856,18.79438917223646,52.49346255107406,870.4076506490047,19,65,0.6335257084964031,-0.1260845207281008
val_day_0008,val,0.9275591990281015,0.9577423976729804,0.9634717173596304,0.8495443643733581,56.119383971033706,18.28644088540624,56.91233995685482,940.0716554033598,23,79,0.6596624802764853,0.07534190385307066
val_day_0009,val,0.9671101661625325,0.9852466286583045,0.9645699593513665,0.8925277982772778,56.68738614233049,19.70064706337394,57.060683181135545,888.8646880571487,25,79,0.6394093090813875,-0.19816099041149152
val_day_0010,val,0.943220984466727,0.9876601238025675,0.9096074531515951,0.8722059619494076,58.59643821973691,20.011437361998205,56.06589908345151,902.8463596897656,19,67,0.529481084129762,-0.26621329502362123
val_day_0011,val,0.9638003021922058,0.8792971642501876,0.9248529624647615,0.8848939958092515,52.90017679269116,13.424614384190319,47.68474275582213,840.9002267356433,27,85,0.5628572645713169,-0.2101349189113979
val_day_0012,val,0.9583152251790074,0.9759367188305864,0.9178084902219962,0.9390104123875185,58.02290993601921,17.046255927700873,47.95549498490917,781.1970716608433,26,78,0.506947248191897,-0.31728587524926677
val_day_0013,val,0.9548723349280669,0.910669276308269,0.8959356906547615,0.9220978894345266,51.734956780014805,18.31083061226357,49.059679340297144,904.1257433892521,29,72,0.5037788718531485,-0.21738236407415565
val_day_0014,val,0.9177114096342652,0.9845452205266647,0.960118232275349,0.9731093428520529,57.883200733149266,16.45533170469666,58.55515760541331,970.4800920496576,17,80,0.39368029353796036,-0.45275911714126543
val_day_0015,val,0.9234979369355072,0.9641363714812258,0.9482572733366338,0.9689680392870297,51.83299493475656,25.140434978853914,57.44537252585233,858.526789303755,18,61,0.5780080430882513,-0.3233718879017955
val_day_0016,val,0.9538373829034611,0.9219494826700344,0.8881401671176437,0.9674301314873683,54.017652368997936,20.839924181725436,53.693142526937926,873.3615046733233,23,62,0.36480339404111,-0.3628470318640582
val_day_0017,val,0.9410460207257189,0.9841505778941239,0.9715861193511834,0.900938005739352,44.59432798713465,26.941941413953277,55.79027308721572,782.4644808973593,29,68,0.5030466113350356,-0.18268784934104942
val_day_0018,val,0.9372463274749351,0.9511751547130021,0.8910961934875945,0.902469349499762,49.45831572177902,18.828298222479912,47.743247638340826,780.9438996504072,24,81,0.48396886122909216,-0.07832621906597137
val_day_0019,val,0.909544292601898,0.9905793081683887,0.9202970075015188,0.8644042153380779,53.240047092347055,23.695087344178578,51.99686216732952,881.4283135143227,23,61,0.6099390588674758,-0.21095167113155971
val_day_0020,val,0.965797809997756,0.9878395881221471,0.8982294581138414,0.9029071755963921,57.90084333197455,23.46601025561453,56.076217843173076,963.0631517183286,25,80,0.6451038700894004,-0.01282078300031635
val_day_0021,val,0.9327775524466958,0.996831899372901,0.9222594008039683,0.8900408993823405,55.552016834831456,18.95417637185029,50.93209320631093,906.9922981617214,26,76,0.5628961268393304,-0.2181145319061141
val_day_0022,val,0.9708953946865391,0.9721402142212748,0.8765072806768214,0.9433085010742127,57.02467828357396,17.044146482924578,48.860723297296865,871.7021033630995,29,75,0.7304634712554202,0.019496400371471587
val_day_0023,val,0.9602286352667093,0.984750741632416,0.9276856866238161,0.9173985106328612,50.71333946292722,24.735526412532284,53.853753594882846,919.4753963795392,24,63,0.5180849356957287,-0.18911257563742656
val_day_0024,val,0.9627115705023944,0.9764366055045142,0.9333499282737812,0.9385023583082059,59.3144714007346,19.593129652331925,55.10351175951433,845.6334540162565,19,60,0.7222946214125219,-0.10992935009638741
val_day_0025,val,0.9609773251754395,0.9937768420186507,0.9246606372985745,0.9474614893879314,59.49468946982396,15.062212405957732,49.93239633656297,887.3119800607643,19,75,0.5040226076939915,-0.12097735634324693
val_day_0026,val,0.8742247670503343,0.9785125993982701,0.9340850042296992,0.9510763478397479,42.403914908853864,21.876574146380438,55.434713614561396,885.5350956300431,27,70,0.4767246607340933,-0.38965576064694596
val_day_0027,val,0.8726031583733626,0.9731438388056033,0.914046036990714,0.9418668797255466,49.271212832907985,22.36766467188167,54.50245903487839,964.4071234380308,26,69,0.5979777276094584,-0.17534353370166697
val_day_0028,val,0.9369134156987913,0.9947050785267518,0.9248429960191252,0.9525963452542163,56.49587925638526,15.007687780695049,47.62470378762011,905.7389918502122,27,91,0.22930008667478258,-0.32871251413364244
val_day_0029,val,0.9522096990523435,0.9777836600636899,0.8498448111766376,0.918787321433431,56.86144204029804,15.24704891156955,50.26888034555497,911.848010740011,22,79,0.5052274847460905,-0.2510801690692596
val_day_0030,val,0.9626154978215636,0.9834502892478336,0.974530490204924,0.8951517113389135,52.53908809921386,18.56369099897906,55.474222809707406,863.4936448884149,27,78,0.38022138948887607,-0.24660220549564357
val_day_0031,val,0.954586472804958,0.9759206232242401,0.94921944103663,0.8659787075294899,55.771357202045884,21.745817340944786,49.801622258365875,818.3541702760408,28,94,0.40634018366589886,-0.1444067816138952
val_day_0032,val,0.9641518318465999,0.9745308280479965,0.9571249224531969,0.922897287563785,53.883676790981475,24.167054817500638,55.86175024356951,930.132639097083,18,60,0.4423920244047447,-0.3149048514438091
val_day_0033,val,0.8449142726632652,0.9499472441634285,0.9200802519787733,0.9486914092177706,46.637828261148734,17.471643619951312,56.692391237183024,980.4451117110475,19,58,0.5884628936475046,-0.24664108580579483
val_day_0034,val,0.9027763572551759,0.95830578765418,0.9202958610588693,0.9556887384030479,48.70651479268012,20.83017372558367,53.95103055424374,878.9029374346422,16,58,0.5337255028225864,-0.21507639626755035
val_day_0035,val,0.8825089154682134,0.9839123792569504,0.961466939584632,0.9282614433548197,49.7576506307476,15.44976639925836,54.99450118754222,867.9321358915955,23,86,0.5733412515036456,-0.2480503098826634
val_day_0036,val,0.9660501050513274,0.9599712985790051,0.886975267989819,0.8764561694989869,53.410991317108675,15.76291819601722,50.11293268801554,809.2742722296539,39,82,0.4468007597528128,-0.3218523647291077
val_day_0037,val,0.9540210628807614,0.988925410266686,0.9122001110263802,0.8754780172468983,53.911683281886305,25.026781161446603,58.02422824689241,818.3592513702233,18,63,0.6375878356678609,-0.31063857764515507
val_day_0038,val,0.9173054928933415,0.9728887065230186,0.9552079985395565,0.9246352808208629,54.9649295607324,17.62248652525054,57.447517119203475,941.4198956061151,18,65,0.6507313369906189,0.08440615751960119
val_day_0039,val,0.9091493536245537,0.9804686183545436,0.8804812570682135,0.9112242947479943,42.93554159615701,20.72640881436321,51.37076864972746,837.3658126145402,20,62,0.563188305410415,-0.32948846833994466
val_day_0040,val,0.9213475248534653,0.9723343014637962,0.9566183159702505,0.9503234323085374,51.70789286825541,20.23711333009513,49.77615149567681,916.0726076299737,17,64,0.668809121833962,0.0012962596423498173
val_day_0041,val,0.9453826274657223,0.9652006384195206,0.9484374440591423,0.9730963345924067,59.25847375661647,17.351382627598174,56.088524304735905,895.1815276280894,22,59,0.5424211001100624,-0.16965019023311204
val_day_0042,val,0.9062743458060363,0.9810492738713308,0.9670525072444952,0.9553858180446584,52.8623803788959,19.623249596713077,53.0679542418286,889.5894922205199,26,67,0.48756916944455453,-0.28871160276395436
val_day_0043,val,0.8586252684449005,0.9858993651114322,0.9549882746668379,0.8566859653295058,48.27397788697454,16.862723817423067,53.5543968761232,845.0045966427564,30,82,0.45367785584143683,-0.06149985509648014
val_day_0044,val,0.9432429328637632,0.985092577052139,0.948677792402322,0.9634878253437694,48.57851539155661,24.04019276250217,55.596511153414816,958.8234658868993,26,71,0.5966976998068529,-0.18770277225187607
val_day_0045,val,0.9618998407284889,0.9609614015812781,0.9700058099059925,0.8788961044959095,57.39502731479473,18.5113656452984,54.21160198766237,892.0517344076243,25,62,0.5680274975159314,-0.023681750231160887
val_day_0046,val,0.9646866305573976,0.9759197021474842,0.8935531289575452,0.940291449070807,56.61374752385666,16.858932303367652,48.00535100337165,841.58576434334,26,79,0.3002523418766191,-0.4299036802230217
val_day_0047,val,0.935838286141571,0.9880470622137506,0.9384093900194136,0.9336325641008308,49.224404412071095,20.48810479225605,53.296973879383415,922.2351387690909,18,60,0.7114166479699358,-0.12463046635750402
val_day_0048,val,0.8814998173679482,0.9908642482614135,0.9384059648167771,0.9427450864196657,50.53652677685201,21.00485131928728,58.27497903716273,848.7761825047719,20,69,0.7144434087578759,0.03301645384477277
val_day_0049,val,0.9250000751880189,0.9688622660623453,0.8834743712146341,0.8717155351895389,55.40977023555444,20.074270543170872,54.63316391506868,883.3099436060083,30,67,0.3065337732732426,-0.3249246208408377
val_day_0050,val,0.9292695980720206,0.9860647096130621,0.9515605745620356,0.9371727649709514,56.91379901172605,17.12628446445581,50.84679958437672,831.3305627533986,23,72,0.5331126442868354,-0.2596668570311199
val_day_0051,val,0.9368009559913065,0.9750471126173786,0.9067326389040484,0.8717031319259663,53.65159320424425,15.54708782048985,51.59166380434789,945.7247709369861,20,62,0.5628602112736271,-0.24405718118513575
val_day_0052,val,0.8461590957242359,0.9822664580675511,0.8934778338248892,0.8988773508933522,47.17530973153921,15.882577071196868,50.349741736592875,890.1337628258698,24,93,0.633151923966842,-0.18197783452904331
val_day_0053,val,0.9209923943118054,0.9719314804812884,0.9560097155054018,0.9331481098072087,53.33629276174517,16.06931009138313,53.992297683011905,929.1210963574791,23,63,0.6659078598449009,-0.14112605896196537
val_day_0054,val,0.9193403217509071,0.9554857140282025,0.9424973315647835,0.9167034560536985,55.85724859300311,15.159463510190465,58.39991064169144,976.7423209842515,25,87,0.6085376463005066,-0.19256458083672479
val_day_0055,val,0.9052640213167207,0.9769097792496357,0.910350525927261,0.9022763142319634,56.41659251054704,16.67986115457074,51.644936573386,902.652042895224,32,94,0.3771097884320886,-0.15519434196149443
val_day_0056,val,0.9778089433810089,0.9686661152252803,0.9423048260966547,0.8969850420082375,52.86179504827038,17.759885059634044,53.71400935943162,876.6621096906459,25,77,0.6919371265800507,0.049867450193459714
val_day_0057,val,0.8806648056405924,0.9540603400694083,0.8972069698239803,0.8597439929647039,47.75009756807818,25.346841662369584,57.49033233387289,971.9370553937259,20,62,0.5112038733027172,-0.2628798527479107
val_day_0058,val,0.9414323193661304,0.9870500374603529,0.9140081006684201,0.8980195649546504,56.361126076115944,20.05128869953868,54.95290334693769,815.6615778600226,28,65,0.626026909730451,-0.20754119044020608
val_day_0059,val,0.9008485457542534,0.9823017571802188,0.9387681529132244,0.8646569225793164,52.81395181064349,14.26626919299533,54.132696898707515,846.730101967556,28,84,0.35270217707053736,-0.4467327148181512
val_day_0060,val,0.9265891948435969,0.975996610704105,0.9498740598957921,0.8567538795186139,52.59774097900449,14.109560987736671,55.57997686873307,872.6540805074615,21,73,0.6543866611770703,0.00999153123713682
test_day_0001,test,0.9080399852389948,0.9929575533566257,0.9383779472740204,0.8569328585002683,53.35240862376054,26.023484654098755,54.25146995093548,842.6125527486732,19,57,0.6818565350548892,0.1476578429614705
test_day_0002,test,0.8931609023577868,0.8730683580824199,0.9491372403823309,0.9608408119775219,57.21174931302543,15.543997216976692,51.474558962937834,925.9701705141107,16,62,0.5025817343110156,-0.4241529491671538
test_day_0003,test,0.8918481284250597,0.9838232276666775,0.9665989234642679,0.950755673001354,48.73275816286101,21.517617335165454,58.148714575847805,903.2442933141069,17,65,0.4889419075039344,-0.22446026425957685
test_day_0004,test,0.9273668923005602,0.9796235452757013,0.9327044708084216,0.877323028770189,58.00394663426602,17.91204495218518,50.761843718461144,844.4720145909743,22,65,0.7087761570593986,-0.04927134232562635
test_day_0005,test,0.9470743183729529,0.9769791730604783,0.8941926553737657,0.9122098834661422,55.30683399628492,18.6884128152338,50.69127998248833,881.6237030212848,21,71,0.5726493090109176,-0.289968363761846
test_day_0006,test,0.9653294305574347,0.986913955795271,0.9488890623145971,0.8616758544692644,57.58991506661806,18.431095013222954,53.93512174466192,884.2180269746988,18,75,0.5762850576686972,-0.015387510363898604
test_day_0007,test,0.9690712604919223,0.9838840002563335,0.9558855890140512,0.9902494372524921,51.45908455173546,28.02218042574118,50.67143644183367,948.4284665962855,19,59,0.6731731095357847,-0.24314907351959977
test_day_0008,test,0.8943417094028606,0.9128234463067072,0.8822980710468227,0.9315622033624692,43.08565104554028,19.62132308115366,50.45408806096615,877.4532009978371,40,79,0.5344138434760934,-0.15882964325765206
test_day_0009,test,0.9509694722681543,0.9874042900538346,0.8836035073665092,0.9297260382039788,50.377154203874746,15.56379341267188,49.6987135715002,890.8875138320203,27,63,0.5016692432181342,-0.4778015698438602
test_day_0010,test,0.921944448963958,0.9964929797099019,0.9322810993772479,0.9344200766792773,52.88985384239462,19.975504086292663,55.651096451451416,962.7019474520101,16,64,0.7136623709578894,-0.2317298502140515
test_day_0011,test,0.9708443763655275,0.9642160409556562,0.9348344061924178,0.9474362057470795,51.81333781437161,18.24548568076305,51.73058023782787,933.5031125720429,20,64,0.5194730029122986,-0.44527418774304095
test_day_0012,test,0.9377983476486997,0.9741685326045367,0.9378235328908854,0.9632290386251348,46.73850479322537,15.577827018952158,51.48225427473602,917.8964754638588,16,47,0.6836627762218107,-0.18466331034592687
test_day_0013,test,0.9419877315206531,0.9710845104856756,0.9111033583513347,0.9337144657504106,56.56616966268706,16.50816097064259,54.41694202714646,878.6570722925616,20,67,0.5772062483256717,-0.28159457119658926
test_day_0014,test,0.8752225318481369,0.9827726447077975,0.9559733077807239,0.9651794096945482,48.92237562987327,19.70682381561255,47.54286698584233,866.9411624436626,33,93,0.6644269936990046,-0.06437012899469449
test_day_0015,test,0.9361100342134557,0.9730262234806246,0.9316432395661224,0.9468987971885525,55.47503357456992,18.879585127715316,51.946158032264044,872.4818540652483,20,71,0.47255499459873923,-0.2011150936172103
test_day_0016,test,0.9227447279217249,0.9661221990209079,0.9680569974284619,0.934238779567459,52.49197931040277,14.209556591121961,57.95813141151706,972.670154287504,18,61,0.5672850812881757,-0.31875185301289666
test_day_0017,test,0.8882426698240793,0.9893334301666182,0.8850000612113224,0.90493168257525,44.16866248221047,24.714190396194365,50.85376998628144,777.5286710994684,28,76,0.6652515617583579,-0.053845871383426516
test_day_0018,test,0.8733993640639626,0.9692204744842591,0.9032925436102537,0.9096742606391992,52.05166333647194,15.676134810961434,51.40151665314939,903.8492663632511,33,88,0.4858263948466925,-0.3039960538024873
test_day_0019,test,0.9325224323817034,0.9576483417544891,0.9146827028233431,0.9446748806480347,58.82769874287609,16.51229058493036,52.46562014054874,872.7487297069065,21,71,0.616672503512808,-0.18039172221824523
test_day_0020,test,0.9440627079393427,0.9540036304039186,0.8938299557282411,0.8898949670462042,60.25686324086868,13.314387925204088,51.40290267080118,857.7434354781517,25,76,0.5069157170955486,-0.2525952280179653
test_day_0021,test,0.9228507020560494,0.9904475727013271,0.9534989969597966,0.9454000935495981,55.70721980343064,15.991462525349162,51.76946994666673,949.1521702247373,21,78,0.645648208942372,-0.3114283187427175
test_day_0022,test,0.9442920882009487,0.9874843165615955,0.9281357904569085,0.9257211642592434,53.908908174170186,14.680353650018256,54.71305037915488,826.2265050956593,26,82,0.30498362147245756,-0.4749133038827797
test_day_0023,test,0.9151051382362303,0.9635437385592669,0.9169430964826332,0.8779207956602978,44.54648328614655,19.61312375964492,50.01209405356618,864.9769775565023,15,53,0.46200503494624084,-0.20291600756005307
test_day_0024,test,0.9228561537747568,0.9763836226480268,0.93073228492251,0.9590000312866078,53.965057078132894,23.948888586397896,56.289285411300455,926.1158630997037,17,73,0.5353793310194852,-0.21681032642939838
test_day_0025,test,0.9523689182081071,0.988345941752969,0.9311639742661056,0.9126976385735215,49.12631409948664,21.034773016084355,55.86254634455765,878.3884421064721,19,62,0.5304421482313706,-0.0661008806556346
test_day_0026,test,0.9473288875942326,0.9576437481853598,0.9133149935358187,0.9605042759919413,57.164336542683714,14.874713173522636,50.884907710720405,836.1015657708566,25,72,0.607321368453649,-0.36799132778912524
test_day_0027,test,0.9002250670823001,0.9498732207594035,0.968288374735814,0.9333927857227465,53.15275236784095,20.28506783489733,54.360362312081946,833.3578391897398,29,83,0.46438982550833374,-0.312935025383501
test_day_0028,test,0.9732324782454502,0.9834692135824467,0.9141718015474062,0.9569613494599316,54.486171709869815,20.492875883847578,50.15945461940723,883.6323999199158,24,76,0.558170006513584,-0.344324708911455
test_day_0029,test,0.9045590311891173,0.9789530193262509,0.8815625087020049,0.921059727496013,53.97894347643154,17.726238712402203,51.489583944357825,884.4870762272425,24,77,0.43457184048888253,-0.23180836197204294
test_day_0030,test,0.9399356623027182,0.9859634097152711,0.9235538066041457,0.8506713718868217,60.97543410619744,17.105563706827017,58.33000304101055,842.2301855266136,21,76,0.3774770111002425,-0.4036743203380017
test_day_0031,test,0.9312119228804504,0.9684137372297059,0.9159882407543599,0.8970058479003299,55.04126083699678,18.399661493076184,51.465564065344545,828.6455249751292,24,72,0.6777293315971396,-0.30048747035041856
test_day_0032,test,0.9480925806628557,0.9457861052707411,0.8933089599842368,0.9296967942792242,51.02281271640123,22.9992971185615,58.15592766334279,924.8124946370111,23,73,0.6049456334411979,-0.1290701419717107
test_day_0033,test,0.9360700911516845,0.9693037681332392,0.9420453926140808,0.9090210922192331,56.375582631570445,17.08092469875496,54.299872540390986,901.1682038205566,38,88,0.5286259160262733,-0.17101134914269311
test_day_0034,test,0.8892991048262624,0.9509773633463648,0.8850339125438738,0.834660522093437,48.06228341500786,20.389479473945283,57.30252108367091,851.3238535865902,25,60,0.5680194555294406,0.02307232303974095
test_day_0035,test,0.9089407540782232,0.9754624748358639,0.8595678916083427,0.9020953046354312,59.15491368736156,16.962147868449982,50.07402578417009,836.1249646817149,25,96,0.2991922622703184,-0.39272392333488176
test_day_0036,test,0.9460712675849268,0.9906907174601242,0.928028201313724,0.9230403113009001,52.243312540452585,20.62108546845104,51.550624181810385,924.6802079617802,18,59,0.4387625825793203,-0.25057728012470776
test_day_0037,test,0.8972709553767387,0.9517779953152851,0.8505950587532406,0.8591085858419958,52.62544826553585,18.44724913583796,50.03046754140448,874.8200339550754,20,62,0.341286188466816,-0.2761915712806785
test_day_0038,test,0.9568432756548251,0.9466123128181951,0.8765837105111003,0.9550826889210774,51.61055357227158,19.74992151742562,56.93482971094078,930.7586366627729,29,74,0.5301951008199206,-0.1993191373754613
test_day_0039,test,0.9703954369307172,0.9926180193257906,0.947275905932754,0.9147588457545467,51.096017855879694,20.86718748434413,57.2256754942645,962.1191854474282,21,73,0.5656484816465269,-0.35077473121427655
test_day_0040,test,0.9496515462836315,0.9973638337416941,0.9518903129114573,0.9435582970403164,53.38242707804079,18.81461573837603,52.71533938226819,831.2802234416022,22,75,0.5935415176183699,-0.1409901193837281
test_day_0041,test,0.963399310375393,0.9908227261409818,0.9486931441545601,0.9274495767342672,56.85272401551827,22.747888254294157,51.45471649505706,853.5479244265566,21,60,0.5515475087943335,-0.31774300211814194
test_day_0042,test,0.9303103578278434,0.9173448646225191,0.9607769426080532,0.9101124408334498,54.15399344879412,27.871225777657855,52.53040545095268,806.2761515599623,32,74,0.6490092827496484,0.05826026625420625
test_day_0043,test,0.9469753973084762,0.961175319904664,0.9499471070363681,0.8706787744725712,57.60920568017585,14.783140533583335,54.28345677321594,821.0922110596499,24,57,0.6140475291665531,0.060427525396536834
test_day_0044,test,0.9121539215660555,0.9813257174738956,0.9607153630791594,0.9355469166845074,44.12097040008465,26.81873732171452,54.44739202390065,931.6677817808071,19,64,0.584767506107726,-0.15654418218360033
test_day_0045,test,0.9420974477409771,0.9737110483092744,0.9224044590020789,0.9202372694569657,44.49690817450599,26.83424248240512,51.348432851302164,797.9934882341131,25,67,0.6539798672684044,-0.21117510051772778
test_day_0046,test,0.9202699005843823,0.951393303687734,0.959228729062582,0.8863678150354539,51.06025476905426,17.878223471839444,54.89877944236084,848.3936235731452,19,63,0.6028722730868808,-0.03338441698803863
test_day_0047,test,0.9069158607796607,0.9889336597309256,0.88256931056875,0.901202281678336,52.19125570879271,16.91710445541696,49.69865552405593,907.8132765845329,20,66,0.49256621660408956,-0.43601426141264726
test_day_0048,test,0.9194913476078016,0.9243400553656208,0.9691471121643501,0.9336121379542979,51.59127336832605,18.23874217842472,56.01519231436623,861.119020044653,17,63,0.5486364498023136,-0.3247651667105846
test_day_0049,test,0.9444870765625589,0.9069548377979217,0.9674471998874165,0.9305501727677101,49.00482773237894,16.345785628200403,53.26447010782194,897.19988592229,39,94,0.5517632590521381,-0.04041503980725457
test_day_0050,test,0.9548551075530517,0.9670287283064043,0.9309805680358991,0.8918001753720582,52.39618632260596,16.076863208930884,52.928704356649256,884.7126770698783,32,77,0.508026979231468,-0.37720557108445085
test_day_0051,test,0.9690846678534233,0.9880598216026039,0.9460991177008186,0.9041914598245347,53.24120966237743,25.295790953209387,51.21505568728497,838.9820860820977,23,67,0.5569917121852376,-0.10953951694268577
test_day_0052,test,0.9362373480659392,0.9891601506976401,0.943323983003445,0.9294819435409432,48.22483794994182,19.494207882256152,55.07532345903621,819.723766212075,24,67,0.5930203544354605,-0.3569100185655999
test_day_0053,test,0.9293347355668042,0.9815384772005089,0.9614336554477754,0.9314391450641495,52.165417883442956,15.84631810251436,50.779971424318965,803.7104319282129,23,90,0.29826838117962795,-0.3437011833428079
test_day_0054,test,0.9221572299121628,0.9645216970742566,0.9082633381538084,0.8892234139595159,50.16528866318745,17.845657141792998,58.10232582205699,941.5442435499053,26,59,0.5309987782771257,-0.20349405455213873
test_day_0055,test,0.8882705872933921,0.9294666915175028,0.9316794827069084,0.9407188160120677,54.59014993851158,13.89240106074785,56.76789718962991,842.1587761878309,18,67,0.5239426751728449,-0.17523114471318607
test_day_0056,test,0.8448402074035938,0.9715509993132263,0.8809285216237303,0.9452286080552601,48.69412943975632,16.796125221311712,53.25105747308754,804.1493271380346,26,82,0.2801734824755794,-0.26001820336246456
test_day_0057,test,0.9509031493884942,0.9813835194606497,0.9104195562946119,0.8651088383232817,52.619868632755335,16.082437326735526,52.62360886624928,865.9686379664922,22,71,0.4457019799000631,-0.33396368999609105
test_day_0058,test,0.9472977639185485,0.9676601892096651,0.9346638111528963,0.9505759713804233,56.311406874958614,17.58472221740659,57.408768696619376,954.3788239392301,32,62,0.4772119168549625,-0.2443033698562486
test_day_0059,test,0.9307872251067983,0.9893751880690547,0.933236591044736,0.8624484472002867,52.84605472316972,22.52545795137479,47.02799294288636,762.9720068082984,28,74,0.5353990355447648,0.050806134023751254
test_day_0060,test,0.9532098064753797,0.9791609040605371,0.937946202172057,0.9301687993976197,52.81298515313048,25.162594740904865,54.35933102075501,946.9378889516898,19,66,0.4914300758478878,-0.17826331631434192
test_day_0061,test,0.916921844032683,0.9648138247605788,0.9354697855886603,0.9037199294960354,53.78035971793734,14.157289953755674,57.168031876135764,864.3530897639675,17,70,0.3755999061762293,-0.24727090225456774
test_day_0062,test,0.9520695452928002,0.9847402217745364,0.9111287890589557,0.9072028538959155,58.11029219318407,23.08524609658278,53.43042602972861,903.9833725426861,18,62,0.6468723045295268,-0.07901872509259061
test_day_0063,test,0.9626108712765115,0.8986755871349821,0.925769326866381,0.8985746216205729,54.28635861271241,17.105764188494906,48.94232229856834,870.6831471450454,42,113,0.5441091045151628,-0.08263121838024032
test_day_0064,test,0.8830275451013132,0.9643175093198469,0.945544636093545,0.9201925975950657,50.24641461008938,20.572887034974823,48.007776321497424,829.9833798643673,34,83,0.5953234982823807,-0.16614194349788494
test_day_0065,test,0.9438839064385355,0.9827757807337466,0.8940177945372778,0.8466843781595542,52.61039873955564,16.092623738028262,50.573595124258496,848.0527307132112,21,73,0.4923073621128134,0.06529791914305381
test_day_0066,test,0.9540707487957035,0.9714283039461791,0.8735296543512812,0.870831240535807,51.95733018439011,16.737256766219982,49.2950216071641,867.9477429785787,18,64,0.563166734613244,-0.2821204312929046
test_day_0067,test,0.9393767159818858,0.9545564306247055,0.9170536051041495,0.8462792833865371,49.986410090091454,19.53945242401003,54.41851170713149,837.7406468563149,32,84,0.5562692731794309,-0.1144951056759539
test_day_0068,test,0.952468434548853,0.9747720417235137,0.8926347414964174,0.8583143279696439,49.68616406904425,17.107278784057097,50.85988116381438,936.7133474957149,19,72,0.5526915768937098,-0.3283445514135563
test_day_0069,test,0.9522409460128004,0.9821179114975515,0.8871043260027263,0.9065032826762088,56.72569370661387,17.9533523027907,50.40597334890214,878.7942780345479,26,87,0.4848602636071584,-0.22330046587658786
test_day_0070,test,0.9571058962246938,0.9869660195121214,0.8823995651705994,0.8475873038434995,50.50073917185467,19.458213249445354,50.91418875983606,893.1945641209313,16,73,0.5265006071865141,-0.3775773575398163
test_day_0071,test,0.8713429359549723,0.9617027029527848,0.960194292623106,0.8973497361668562,48.52806318583807,20.67987513885106,53.195119759272664,967.1666769172998,20,79,0.44871173057574226,-0.2908790333618434
test_day_0072,test,0.951224993413767,0.9681186122715547,0.9038565414003217,0.9250077315854002,53.5706621653077,15.856259479231644,50.66358838219687,813.7645422115717,19,66,0.6587168023586101,-0.21818469924808834
test_day_0073,test,0.9429619956738103,0.9706615984952597,0.8946761586132442,0.8785362063794339,60.71271064811094,16.72485703928521,52.95089483461728,840.5321335946192,22,80,0.7079352990239711,-0.18145188140842433
test_day_0074,test,0.9396568510773049,0.8801157832902802,0.9590046425513511,0.9297387116356345,59.85477006089491,17.857228347962558,56.356005116499546,836.6619140271138,18,65,0.5775169338162613,-0.16015835145830878
test_day_0075,test,0.9295031458782551,0.9746033119560703,0.9571560632721582,0.9331329420905329,46.78243695181268,19.442390170454157,58.834502924809335,932.0569294663811,21,64,0.34297660232867255,-0.25301753970277663
test_day_0076,test,0.9551566896409256,0.9770373826677239,0.9646113248035142,0.9560588105922087,50.519658479242366,23.183611272622745,55.614810088527996,969.4195993101852,17,67,0.45600577337688675,-0.26743319818115946
test_day_0077,test,0.9567555241422033,0.9821289127811789,0.9543633279798397,0.9054182518739518,53.35558872192223,19.573616963332544,56.33537879736037,830.1216669260108,21,72,0.594378927401698,-0.03563014852940907
test_day_0078,test,0.9492430122210933,0.9835705885938713,0.8574567024193392,0.8572865446728045,46.14154549749671,22.864987893731623,53.64811550407402,903.2823720818893,21,61,0.45874891362494963,-0.40194092129029685
test_day_0079,test,0.9104449646570867,0.8929229923740605,0.9732151795969378,0.8830236414265915,53.87196601704229,12.334208087435073,57.12111718219075,899.5905859026061,21,74,0.4690892914255534,-0.3085224444135815
test_day_0080,test,0.9765702602692096,0.9846776204591083,0.9649831907801846,0.8813824621401323,54.1465330177866,19.281948824285987,58.000847318636886,972.1620968582843,16,68,0.5632156591935799,-0.0038687694958584318
test_day_0081,test,0.9477211345027808,0.9313341602606195,0.9532104435624369,0.9308410113464187,56.906416163973425,12.559139928700688,57.33195188266535,967.5164753390112,21,66,0.6443966924753743,-0.21892982601160932
test_day_0082,test,0.9623115566902393,0.863820328932671,0.9112705667992054,0.9150214636010193,53.79591322462225,18.017751859702297,55.29081566088977,914.8283458956852,17,61,0.6836777664532792,-0.12413925735084316
test_day_0083,test,0.9306208187036913,0.9314976346880726,0.8909836029028584,0.9546954057054801,50.72939698318856,16.891970394827833,52.78681353520543,928.5130440931531,27,81,0.46002952401027114,-0.49694895779067616
test_day_0084,test,0.9355951176797622,0.9494495648525816,0.9608998466533666,0.8657288744891543,52.91449826270977,19.855439880738327,55.19415223587375,873.9471043483712,20,68,0.6539127014494946,-0.04211122784724603
test_day_0085,test,0.9420312069293295,0.9785895069314858,0.8763148755180001,0.883630974387158,56.07018218728865,19.81862502990435,51.09631052754812,858.740844587311,21,64,0.5251248095128948,-0.1501302845958557
test_day_0086,test,0.8964628845753572,0.9879650790252511,0.940845905931797,0.9489029594947861,50.313407822661766,23.027117649838768,50.625287726361215,806.9800024258099,32,80,0.6705387062517542,-0.2993352261266005
test_day_0087,test,0.8902678768902883,0.9211491581189536,0.9299688186050221,0.9429234593935525,58.14532277954487,21.376616724246162,53.98763629936425,920.0465766870706,16,66,0.6157866890653017,-0.3471439897071656
test_day_0088,test,0.9140011933561978,0.9909237565513528,0.9107156911519123,0.9207282628796988,52.07416228334304,15.107884714827398,56.325084052805096,936.7099274894205,26,81,0.5673106030251,-0.28361778716202135
test_day_0089,test,0.9598205087034624,0.9556145892334469,0.9570660846699119,0.9033146854898845,47.913540539336225,21.93935077624351,54.27890164316858,799.3690758594538,35,78,0.6331916515132563,0.0787432526421641
test_day_0090,test,0.9377704793154793,0.9487485088159374,0.9294046817554162,0.9249524080111019,50.45122639948013,23.016051229188918,57.48683576635648,903.4156764876975,22,71,0.5864968166558546,-0.2825610721198321
test_day_0091,test,0.9593000892262753,0.9846630200509973,0.868775638749542,0.8988012149788454,58.40772197981246,19.080606199754083,49.717534408176846,898.0605185778928,22,66,0.5268225407734459,-0.19557049660253278
test_day_0092,test,0.8816175757740465,0.9894711343640792,0.9269135251864172,0.8879325175870416,49.583813233800775,22.238888285879387,53.26314416126164,850.4086175782319,18,54,0.3113831444617657,-0.26630003301393024
test_day_0093,test,0.9584088265381887,0.9891998829795289,0.8612197850373762,0.913169251535657,58.91127444239072,15.262743235949744,49.85674909359449,838.6597243778415,17,61,0.40846719770110274,-0.458139893289352
test_day_0094,test,0.9584499051498995,0.9721641881328235,0.9386202464513217,0.9296751101181251,55.65391089116611,18.12349400248876,58.19743592875225,970.4960380626752,19,59,0.6265059771051908,-0.1048382327644914
test_day_0095,test,0.867020072700052,0.9887492719828316,0.9368469809729804,0.8873681383246957,48.31478130468387,17.435827391106134,55.86670976265582,817.5184566874972,27,76,0.6045382546052419,-0.05519751044628586
test_day_0096,test,0.8834086868583264,0.9470735181722908,0.9607167444819441,0.9637988407490433,48.73565305750551,18.695429627557463,54.71618298326433,871.5544818673702,27,95,0.42050917857498016,-0.346726759842441
test_day_0097,test,0.9420127327343875,0.9801725030944299,0.9348845923367791,0.9093481744294495,56.8026778061913,17.956742696648178,54.865178069684475,895.1563253318096,30,82,0.449960802445901,-0.10108709251453461
test_day_0098,test,0.8374549506065687,0.9245151596148821,0.9146101423159598,0.8245519741630427,47.83588902113826,16.794360188061276,57.98655322234911,928.9337533771682,23,65,0.7009442767480017,0.10370902111126629
test_day_0099,test,0.9102252413906674,0.9696942975808738,0.9572958672598685,0.9305252818653531,48.98922159816029,18.307442789651983,56.970964225616676,856.9866473414698,19,65,0.5440586238368259,-0.18880122163203836
test_day_0100,test,0.904555409848429,0.9685188868998996,0.9126759290582984,0.8751930633409528,58.36267159112353,19.14842720405377,56.134760946093785,881.3534028985499,26,85,0.4648356230756091,-0.14524366875198258
test_day_0101,test,0.9263802769150963,0.9528343123612534,0.9285457803272475,0.877969293981462,50.73004485046877,17.75704880567289,52.40103437179989,911.643476457472,22,62,0.4194826012927517,-0.4414682015721202
test_day_0102,test,0.9443505314453675,0.95166619240256,0.9080702102550856,0.9666649950562947,55.003913850175955,17.288269527799542,53.6251972793446,882.9656217760711,40,93,0.552818968712681,-0.15879996436370455
test_day_0103,test,0.9279259037728992,0.9890259360189981,0.9665727497228699,0.966039413214151,56.38782828427919,22.23746364594277,57.50045370128459,953.4548490436127,21,73,0.5565813593346292,-0.19555512094131253
test_day_0104,test,0.9133363422450385,0.9894283056373863,0.9518804735555654,0.9268724836423115,54.17405369861217,16.743587854342525,54.55158038148915,877.6650433152863,25,81,0.33377605411363404,-0.3584921400722948
test_day_0105,test,0.9372596835901721,0.972251556211836,0.9176895722651915,0.8398428945149922,49.63932119606084,18.253510619633428,52.28257323883796,831.4760448712714,26,75,0.49087873790907616,0.09615405596223917
test_day_0106,test,0.8559887072171325,0.9718163068626682,0.9577973683241374,0.9162669526116544,46.13317745375226,20.678862214474755,54.853628632012565,842.0416487708447,15,52,0.6423328221317509,0.044628449756763194
test_day_0107,test,0.9205781179174837,0.9535712618400193,0.927175073520333,0.9151535911058987,53.9805620182629,14.877021987360097,56.20522954634506,975.730558390016,24,79,0.635315714648276,-0.10441683689681983
test_day_0108,test,0.8522714520787427,0.9737615565174492,0.9529003518793517,0.9127477370530587,44.508743562258964,24.687799037021094,52.715379960263895,861.4554212541735,21,53,0.663770187243002,-0.04952448474628553
test_day_0109,test,0.9415130941798892,0.9611892656674079,0.8837203330934601,0.8805102527074449,49.54070206707376,22.223705714624874,50.84414487751471,924.8510464976516,22,72,0.4996122939361384,-0.1899722153756067
test_day_0110,test,0.9171197068063709,0.9916554333790235,0.8956466569796211,0.9526269703534476,47.74715201438178,20.386630567938358,56.35474888582038,961.0585996833967,21,69,0.6696067404457519,-0.16866119415270509
test_day_0111,test,0.9335211678561218,0.9699478921364265,0.9583824051145743,0.9483228074031396,50.04230436634558,19.16520288816058,55.09391902957773,844.2308965090214,16,52,0.6337965449655331,-0.10936824171025009
test_day_0112,test,0.9576594754621554,0.9645152178890737,0.9226761454965152,0.8907385789560661,52.81618704781322,17.142556227050175,55.39677232952423,888.1408273473513,26,64,0.651233603929184,-0.12493380294813064
test_day_0113,test,0.923185047669334,0.9817728307394886,0.9512108056316144,0.9643696496324007,49.56666877968419,18.827106122203986,50.89182585752986,855.2250999498584,23,85,0.26461119826191487,-0.446942036698768
test_day_0114,test,0.910331879489118,0.9677531605001435,0.9033976771329986,0.9296026495455555,49.10314383002867,21.243579453806515,51.71187350598259,885.8029630318994,21,61,0.5783462587936052,-0.21307809920532872
test_day_0115,test,0.931558915276851,0.8943091331223849,0.9303956332003436,0.9298289790401886,58.8783967278427,14.69482934845479,56.87641440165269,974.9730236302979,25,77,0.5915155348199815,-0.14902401924747813
test_day_0116,test,0.9321972631238772,0.9316897482359782,0.972113798271411,0.9218379751797416,48.14092860949024,24.393555831675616,56.34900258261274,868.0689174059786,16,65,0.46374112148837626,-0.2549722023743416
test_day_0117,test,0.9279966145810993,0.994268729051687,0.9361772565444519,0.9440912444950255,47.54658161093894,21.930964179836185,53.18417451891393,835.3861553128036,26,81,0.4267971622595554,-0.22645016341506766
test_day_0118,test,0.8975589249835784,0.9733243332683597,0.9580166048758153,0.9568471295168621,46.37089665924716,19.722134184836847,48.67969392885559,853.6702190868691,22,71,0.5473174728347273,-0.401985432473168
test_day_0119,test,0.9554253772235315,0.9939075943694685,0.9383834506644101,0.9259664310190087,51.490490264055246,18.029247196454648,57.90989418985624,878.6809654211819,20,62,0.6695515190516487,-0.19834947272141665
test_day_0120,test,0.9361453125248282,0.9621544525486085,0.9020976871785764,0.9414054337022094,49.8491694868654,17.279964639412913,49.09558099541365,849.9116261055354,24,67,0.575992421848265,-0.261031178479601
